cer;04040;Zaragoza Delicias;41.6586576;-0.9112693
cer;05102;San Xoán;43.4945654;-8.2142733
cer;05103;Santa Icía;43.4997707;-8.1999226
cer;05104;Virxe Do Mar;43.4965254;-8.2048752
cer;05105;Piñeiros;43.509483;-8.1839923
cer;05106;O Ponto;43.5147757;-8.1777808
cer;05107;Xuvia;43.5171911;-8.161282
cer;05108;O Alto Do Castiñeiro;43.5031794;-8.1955484
cer;05109;Ferrerías;43.5280178;-8.1504359
cer;05111;Sedes;43.5426113;-8.1401903
cer;05113;Pedroso de Narón;43.5367071;-8.1091931
cer;05115;San Sadurniño;43.5460838;-8.0781099
cer;05117;Lamas;43.5473064;-8.0490166
cer;05119;Apalla;43.550457;-8.0186188
cer;05121;Moeche;43.562132;-8.0027572
cer;05123;Labacengos;43.5652707;-7.9801882
cer;05125;Entrambarrías;43.5770633;-7.9542644
cer;05127;Cerdido;43.5873426;-7.9343099
cer;05129;A Cuqueira;43.6078292;-7.9219389
cer;05131;Santa María de Mera;43.6409288;-7.9161904
cer;05133;Ponte Mera;43.666038;-7.9026205
cer;05135;San Clodio;43.6609443;-7.873478
cer;05137;Senra;43.668793;-7.8545534
cer;05139;Ortigueira;43.6862217;-7.8495738
cer;05141;Espasante;43.70888;-7.804897
cer;05143;Loiba;43.730393;-7.750044
cer;05145;O Barqueiro;43.735649;-7.70288
cer;05147;O Vicedo;43.731026;-7.673215
cer;05149;Mosende;43.706194;-7.635477
cer;05151;Folgueiro;43.692766;-7.635048
cer;05153;Covas de Viveiro;43.670275;-7.614613
cer;05155;Viveiro;43.6569;-7.60033
cer;05156;Viveiro Apeadero;43.661435;-7.594532
cer;05157;Xuances;43.687991;-7.553904
cer;05159;Xove Pobo;43.683567;-7.510921
cer;05161;Xove;43.681138;-7.495251
cer;05163;Lago;43.687108;-7.481942
cer;05165;Bidueiros;43.696712;-7.468843
cer;05167;San Cibrao;43.692319;-7.44177
cer;05169;Madeiro;43.686219;-7.412863
cer;05171;Burela;43.660607;-7.361183
cer;05173;Cangas de Foz;43.626106;-7.333309
cer;05175;Nois;43.610309;-7.312222
cer;05177;Fazouro;43.600457;-7.299843
cer;05179;Marzán;43.57475;-7.26936
cer;05181;Foz;43.560886;-7.272235
cer;05183;Barreiros;43.547366;-7.225287
cer;05185;Reinante;43.54987;-7.174315
cer;05187;Esteiro;43.551697;-7.146099
cer;05189;Os Castros;43.55157;-7.130895
cer;05191;Rinlo;43.549761;-7.108645
cer;05193;Ribadeo;43.53607;-7.055572
cer;05197;Vegadeo Pueblo;43.479667;-7.057327
cer;05199;Vilavedelle;43.490502;-7.038353
cer;05203;Tremañes Carreño;43.5285524;-5.6948835
cer;05204;Centro de Transportes;43.5311295;-5.7067165
cer;05207;Aboño Apeadero;43.555049;-5.7236039
cer;05208;Xivares;43.5659387;-5.7287459
cer;05209;Perlora;43.5808632;-5.7541047
cer;05210;Candás-Apeadero;43.586538;-5.7679715
cer;05211;Candás;43.5847107;-5.7726902
cer;05213;Regueral;43.5805017;-5.797616
cer;05215;Zanzabornín;43.5689267;-5.825312
cer;05216;Gudín Laminación;43.5522931;-5.8653924
cer;05217;Trasona;43.5517694;-5.8741747
cer;05219;Llaranes;43.5543366;-5.8965567
cer;05220;Cristalería;43.5755676;-5.9292414
cer;05221;Avilés-Apeadero;43.5546343;-5.9174416
cer;05224;Raíces;43.5763492;-5.9399127
cer;05225;Salinas;43.5703913;-5.9566256
cer;05227;Piedras Blancas;43.5565567;-5.9755523
cer;05229;Vegarrozadas;43.5511613;-5.995514
cer;05231;Santiago del Monte;43.5409241;-6.027971
cer;05232;El Parador;43.5351412;-6.0705907
cer;05233;Soto del Barco;43.5290556;-6.0712934
cer;05235;Riberas;43.5027396;-6.0743054
cer;05237;Peñaullán;43.4911696;-6.0939642
cer;05239;Santianes;43.503799;-6.0918391
cer;05241;Los Cabos;43.5124147;-6.0974746
cer;05243;Muros del Nalón;43.5429728;-6.1110718
cer;05244;El Pito Piñera;43.5469091;-6.1433417
cer;05245;Cudillero;43.5509259;-6.1519305
cer;05247;Villademar;43.557065;-6.155477
cer;05249;La Magdalena;43.559309;-6.184922
cer;05251;San Martín de Luiña;43.544753;-6.228702
cer;05253;San Cosme;43.544069;-6.248091
cer;05255;Soto de Luiña;43.559635;-6.234369
cer;05257;Valdredo;43.56638;-6.263234
cer;05259;Novellana;43.557795;-6.289593
cer;05261;Santa Marina;43.552674;-6.305181
cer;05263;Ballota;43.550716;-6.322812
cer;05265;Tablizo;43.547253;-6.351225
cer;05267;Cadavedo;43.542952;-6.391612
cer;05269;San Cristóbal;43.547225;-6.415264
cer;05271;Canero;43.541913;-6.445878
cer;05273;Barcia;43.546813;-6.50828
cer;05275;Luarca;43.537949;-6.536617
cer;05277;Otur;43.540541;-6.593562
cer;05279;Villapedre;43.546723;-6.64587
cer;05281;Piñera-Villaoril;43.535685;-6.685414
cer;05283;Navia;43.536802;-6.719425
cer;05285;Medal;43.545692;-6.752994
cer;05287;Loza;43.551254;-6.771675
cer;05289;Cartavio;43.550714;-6.789622
cer;05291;La Caridad;43.547074;-6.827541
cer;05293;Tapia;43.535026;-6.909329
cer;05295;Tol;43.527204;-6.952128
cer;05297;Las Campas de Castropol;43.5202979;-6.9771022
cer;05299;Castropol;43.5095861;-7.0147697
cer;05300;Vallobín;43.3652306;-5.8647984
cer;05301;Argañosa-Lavapiés;43.3658311;-5.870018
cer;05302;Las Campas;43.3638889;-5.8833728
cer;05303;Las Mazas;43.3587192;-5.8975568
cer;05304;San Claudio;43.3553535;-5.9178091
cer;05306;San Pedro de Nora;43.3687481;-5.9585951
cer;05308;Soto Udrión;43.3564364;-5.9650157
cer;05311;Trubia;43.34857;-5.9677756
cer;05313;Santa María de Grado;43.3842274;-5.9827075
cer;05315;Vega de Anzo;43.38933;-6.0056834
cer;05316;Peñaflor de Grado;43.4029267;-6.0453921
cer;05317;Grado;43.3945424;-6.0637254
cer;05319;Sandiche;43.4256226;-6.0599341
cer;05320;Aces;43.4399142;-6.0657983
cer;05321;San Román;43.4488839;-6.0771641
cer;05323;Beifar;43.4701379;-6.0988707
cer;05325;Pravia;43.4908983;-6.1105373
cer;05327;San Ranón;43.5164547;-6.0820305
cer;05329;San Esteban;43.552094;-6.0872393
cer;05361;Baiña;43.2744717;-5.8282902
cer;05369;Mieres Vasco;43.2502968;-5.7801106
cer;05371;Caudalia;43.2282154;-5.782774
cer;05373;Figaredo;43.2138398;-5.7840362
cer;05375;Ujo Taruelo;43.2006229;-5.7878612
cer;05376;Santa Cruz;43.1959703;-5.7775447
cer;05377;Caborana;43.1761169;-5.7548626
cer;05379;Moreda de Aller;43.1707918;-5.7419622
cer;05380;San Antonio;43.168851;-5.6967075
cer;05381;Oyanco;43.1665527;-5.7221512
cer;05382;Corigos;43.1642867;-5.6766513
cer;05383;Piñeres;43.165973;-5.6842539
cer;05384;Santa Ana-Soto;43.1647805;-5.6460998
cer;05385;Cabañaquinta;43.16077;-5.6248987
cer;05387;Levinco;43.1511077;-5.6002937
cer;05389;Collanzo;43.1241004;-5.5661544
cer;05403;Tremañes-Langreo;43.5285439;-5.6948684
cer;05405;Sotiello;43.5072386;-5.7265416
cer;05407;Pinzales;43.4865408;-5.7197038
cer;05409;Aguda;43.4655199;-5.7260209
cer;05410;Xixún;43.3714523;-5.6938682
cer;05411;La Florida;43.4347588;-5.7099268
cer;05412;Puente Buracos;43.4480478;-5.7172664
cer;05413;Noreña;43.3939778;-5.7036269
cer;05415;Bendición;43.3634748;-5.680585
cer;05416;Valdesoto;43.3583496;-5.6581467
cer;05417;Carbayín;43.3507215;-5.6343348
cer;05420;Curuxona;43.3398152;-5.6304762
cer;05421;Tuilla;43.3281506;-5.6430775
cer;05426;La Felguera N. Langreo-N. Llangréu;43.305459;-5.688896
cer;05427;Sama los Llerones;43.296706;-5.680359
cer;05431;Ciaño Escobio;43.2907242;-5.6678998
cer;05432;San Vicente;43.2891417;-5.6529333
cer;05433;El Entrego-La Oscura;43.2895101;-5.6408099
cer;05435;Carrocera;43.2877335;-5.6263765
cer;05436;San Martín;43.2783764;-5.6152919
cer;05437;Sotrondio;43.2759255;-5.60489
cer;05439;Blimea;43.2708812;-5.5903311
cer;05441;Barredos;43.2598889;-5.5749934
cer;05443;Laviana;43.2508161;-5.5646688
cer;05451;Bilbao la Concordia;43.2601901;-2.9263839
cer;05455;Basurto Hospital;43.2597699;-2.9538267
cer;05457;Zorrotza Zorrozgoiti;43.2740398;-2.9740116
cer;05459;Santa Águeda;43.261857;-2.9730218
cer;05460;Kastrexana;43.2554758;-2.9721445
cer;05461;Irauregui;43.248418;-2.9900734
cer;05463;Zaramillo;43.2332894;-3.015904
cer;05465;La Quadra;43.222723;-3.0249848
cer;05467;Sodupe;43.2020301;-3.050517
cer;05469;Artxube;43.200993;-3.0715031
cer;05470;Lambarri;43.2060733;-3.0825107
cer;05471;Güeñes;43.2090276;-3.0952113
cer;05473;Aranguren;43.2104561;-3.108399
cer;05474;Aranguren-Apeadero;43.2103517;-3.1140505
cer;05475;Zalla;43.2129096;-3.1333368
cer;05477;Colegio;43.2112674;-3.1381409
cer;05479;Ibarra;43.203959;-3.1448388
cer;05481;La Herrera;43.2034521;-3.1705687
cer;05483;Balmaseda;43.1963551;-3.1899562
cer;05484;Mimetiz;43.2158138;-3.1312555
cer;05485;La Calzada;43.1901154;-3.1974062
cer;05487;Traslaviña;43.23329;-3.198304
cer;05489;Artzentales;43.2355083;-3.2133583
cer;05493;Villaverde de Trucios;43.24128;-3.25054
cer;05497;Karrantza;43.238854;-3.357827
cer;05504;Parque Principado;43.3865865;-5.8087971
cer;05505;Colloto;43.3795086;-5.792366
cer;05507;Meres;43.3809885;-5.7487209
cer;05508;Fonciello;43.3817779;-5.7297194
cer;05509;El Berrón;43.3827383;-5.7026774
cer;05511;La Carrera de Siero;43.3869214;-5.6753462
cer;05513;Pola de Siero;43.3881527;-5.6647718
cer;05515;Los Corros;43.3768432;-5.6013769
cer;05517;Lieres;43.380583;-5.5826229
cer;05521;El Remedio;43.3750793;-5.5462394
cer;05522;Llames;43.3687796;-5.5252404
cer;05523;Nava;43.3611878;-5.5090986
cer;05525;Fuente Santa de Nava;43.3555699;-5.478379
cer;05527;Ceceda;43.3562226;-5.4511094
cer;05529;Carancos;43.3555692;-5.4344422
cer;05531;Pintueles;43.3599234;-5.3841316
cer;05533;Infiesto;43.3517868;-5.3692019
cer;05534;Infiesto Apeadero;43.3440407;-5.3606414
cer;05535;Villamayor;43.3631;-5.30285
cer;05537;Sebares;43.36236;-5.2574
cer;05539;Soto de Dueñas;43.3583;-5.22689
cer;05541;Ozanes;43.368395;-5.185191
cer;05542;Policlínico;43.378622;-5.18603
cer;05543;Arriondas;43.387513;-5.188258
cer;05545;Fuentes;43.401443;-5.143117
cer;05547;Toraño;43.412281;-5.118013
cer;05549;Cuevas;43.431144;-5.073302
cer;05551;Llovio;43.440563;-5.055592
cer;05553;Ribadesella;43.45945;-5.0545
cer;05555;Camango;43.44821;-5.01882
cer;05557;Belmonte de Pría;43.4398;-4.98228
cer;05559;Nueva;43.440585;-4.935531
cer;05561;Villahormes;43.4420099;-4.90383
cer;05563;Posada;43.42483;-4.865
cer;05565;Balmori;43.42147;-4.83583
cer;05567;Celorio;43.42501;-4.81133
cer;05569;Poo;43.42429;-4.78189
cer;05571;Llanes;43.42094;-4.7587
cer;05573;San Roque del Acebal;43.39473;-4.73013
cer;05575;Vidiago;43.39647;-4.673
cer;05577;Pendueles;43.39283;-4.63039
cer;05579;Colombres;43.38272;-4.55709
cer;05602;Valdecilla la Marga;43.4529465;-3.8282409
cer;05603;Cazoña;43.4551542;-3.8411637
cer;05604;Adarzo;43.4534716;-3.8559044
cer;05605;Bezana;43.4408549;-3.8995921
cer;05607;Mortera;43.4352343;-3.9182532
cer;05609;Boo de Piélagos;43.4316558;-3.9463107
cer;05611;Mogro;43.4248932;-3.9605163
cer;05613;Gornazo;43.4097025;-3.9886035
cer;05615;Mar;43.3984063;-4.0100059
cer;05617;Requejada;43.3914179;-4.0280246
cer;05619;Barreda;43.3742833;-4.0418972
cer;05620;Altamira;43.3519196;-4.0569699
cer;05621;Torrelavega-Centro;43.3510014;-4.0511789
cer;05622;Ganzo;43.3565281;-4.0702273
cer;05623;Puente San Miguel;43.3586724;-4.0877667
cer;05625;Santa Isabel de Quijas;43.3590101;-4.1118533
cer;05627;San Pedro de Rudagüera;43.3611587;-4.1495281
cer;05629;Golbardo;43.3408164;-4.1556282
cer;05631;Casar de Periedo;43.3387837;-4.174731
cer;05633;Virgen de la Peña;43.3230394;-4.193484
cer;05635;Ontoria;43.3153337;-4.2154219
cer;05637;Cabezón de la Sal;43.3079038;-4.2319437
cer;05641;Treceño;43.31828;-4.30902
cer;05643;Roiz;43.32821;-4.34927
cer;05644;El Barcenal;43.340347;-4.383335
cer;05645;San Vicente de la Barquera;43.367837;-4.404504
cer;05647;Pesués;43.370289;-4.480174
cer;05649;Unquera;43.37478;-4.51434
cer;05651;Nueva Montaña;43.4401845;-3.8493711
cer;05652;Valle Real;43.4275399;-3.8405377
cer;05655;Maliaño Vidriera;43.4160163;-3.8411016
cer;05657;Astillero;43.4036508;-3.8206798
cer;05658;La Cantábrica;43.3973661;-3.8149679
cer;05659;San Salvador;43.393766;-3.803854
cer;05661;Heras;43.4008996;-3.7666376
cer;05663;Orejo;43.3994776;-3.7383974
cer;05665;Solares;43.387247;-3.7313834
cer;05667;Ceceñas;43.3764924;-3.7181918
cer;05669;La Cavada;43.3506141;-3.7070777
cer;05671;Liérganes;43.3450748;-3.742645
cer;05672;Puente Agüero;43.406489;-3.719342
cer;05673;Villaverde de Pontones;43.411322;-3.703643
cer;05675;Hoz de Anero;43.404885;-3.666883
cer;05677;Beranga;43.41371;-3.57713
cer;05679;Gama;43.42315;-3.52472
cer;05681;Cicero;43.417052;-3.49049
cer;05683;Treto;43.39409;-3.4692
cer;05685;Limpias;43.35881;-3.43334
cer;05687;Marrón;43.34661;-3.420918
cer;05689;Udalla;43.31368;-3.44549
cer;05691;Gibaja;43.28219;-3.43831
cer;05721;Arla Berrón;43.166699;-3.227589
cer;05722;Ungo Nava;43.142894;-3.264716
cer;05724;Mercadillo Villasana;43.105209;-3.264469
cer;05727;Cadagua;43.068171;-3.347339
cer;05730;Bercedo-Montija;43.088479;-3.456
cer;05731;Quintana de los Prados;43.08;-3.51
cer;05732;Espinosa de los Monteros;43.074252;-3.537116
cer;05733;Redondo;43.062993;-3.607895
cer;05734;Sotoscueva;43.045292;-3.688253
cer;05735;Pedrosa;43.012367;-3.737852
cer;05736;Dosante Cidad;43.00125;-3.74525
cer;05737;Robredo Ahedo;43.019094;-3.809231
cer;05738;Soncillo;43.005809;-3.844888
cer;05739;Cabañas de Virtus;42.996397;-3.858466
cer;05740;Arija;42.991292;-3.945006
cer;05741;Llano;42.988062;-3.982357
cer;05742;Las Rozas de Valdearroyo;42.973605;-4.029864
cer;05743;Montes Claros;42.934323;-4.050073
cer;05744;Los Carabeos;42.910329;-4.075211
cer;05747;Cillamayor;42.857752;-4.279178
cer;05748;Salinas de Pisuerga;42.851271;-4.386209
cer;05749;Vado-Cervera;42.83936;-4.49477
cer;05750;Castrejón de la Peña;42.81199;-4.60162
cer;05751;Villaverde Tarilonte;42.818353;-4.685419
cer;05752;Santibáñez de la Peña;42.80204;-4.74145
cer;05753;Guardo Apeadero;42.7877378;-4.845133
cer;05754;Guardo;42.790995;-4.8519325
cer;05755;La Llama de la Guzpeña;42.7702481;-5.0412478
cer;05756;La Espina;42.786856;-4.9052025
cer;05757;Valcuende;42.765578;-4.9292558
cer;05758;Puente Almuhey;42.787632;-4.9718992
cer;05759;Prado de la Guzpeña;42.7832347;-5.0270973
cer;05760;Valle de las Casas;42.767772;-5.0713669
cer;05761;Cistierna;42.80316;-5.1307925
cer;05762;Yugueros;42.8097904;-5.180063
cer;05763;La Ercina;42.808848;-5.2138924
cer;05764;Barrillos;42.8123682;-5.2831145
cer;05765;La Losilla;42.8385443;-5.3181608
cer;05766;Boñar;42.8627875;-5.3285261
cer;05767;La Vecilla;42.8551158;-5.4121157
cer;05768;Aviados;42.8547767;-5.4428396
cer;05769;La Valcueva;42.8496651;-5.4869085
cer;05770;Matallana;42.841149;-5.5218718
cer;05771;Pardavé;42.8063499;-5.5081891
cer;05772;Pedrún;42.7908982;-5.5069482
cer;05773;Manzaneda;42.7542903;-5.5165558
cer;05774;Garrafe;42.7345075;-5.524156
cer;05775;Palazuelo;42.7071257;-5.5337809
cer;05776;San Feliz;42.6823112;-5.5379086
cer;05777;Villaquilambre;42.6468662;-5.5540376
cer;05778;Feve-León;42.6024918;-5.5749341
cer;05784;Estación de tren Hospitales;42.6126201;-5.5698556
cer;05785;Villasinta;42.6575819;-5.5492813
cer;05786;Matueca;42.7715398;-5.5119483
cer;05787;Naredo;42.8336507;-5.5231779
cer;05788;Robles;42.8407366;-5.5073155
cer;05789;Campohermoso;42.8559355;-5.4287449
cer;05790;Sorriba;42.786277;-5.1274758
cer;05793;La Mata de la Riba;42.8585407;-5.3394898
cer;05794;La Raya;42.6381109;-5.5569812
cer;05795;Otero;42.8595705;-5.3899673
cer;05796;Villa Romana;42.6292043;-5.5613065
cer;05797;Valdepiélago;42.8649635;-5.4032191
cer;05798;La Devesa;42.8201272;-5.3021918
cer;05799;Cerezal de la Guzpeña;42.7797744;-5.0055719
cer;05801;Ventas/S.mamés;42.609876;-5.5711761
cer;05803;La Asunción Universidad;42.6160983;-5.5660988
cer;05805;Barrio de las Ollas;42.8646447;-5.3344811
cer;05807;Valderilla;42.7187742;-5.5300014
cer;05951;Cartagena-Plaza Bastarreche;37.6036154;-0.9773265
cer;05952;Estación de tren Hospital;37.6052193;-0.9607323
cer;05953;Media Legua;37.6078831;-0.9536521
cer;05955;Vista Alegre;37.6093129;-0.9437592
cer;05957;Abrevadero;37.6097023;-0.9318284
cer;05959;Alumbres;37.6099324;-0.9148413
cer;05961;La Esperanza;37.6137635;-0.8914408
cer;05963;La Unión Vieja;37.6154668;-0.8816322
cer;05965;La Unión;37.6155485;-0.875132
cer;05967;Sierra Minera;37.6198783;-0.8648822
cer;05969;Llano del Beal;37.6260468;-0.8362123
cer;05971;El Estrecho;37.6276079;-0.829592
cer;05973;Nietos Viejos;37.6469125;-0.7915137
cer;05975;Los Nietos Pescadería;37.6493515;-0.7878563
cer;05977;Los Nietos;37.6518304;-0.7970802
cer;06002;Alhama de Murcia;37.8494024;-1.4145141
cer;06003;Totana;37.7635424;-1.4956153
cer;06005;Lorca-San Diego;37.6807168;-1.6856452
cer;06006;Lorca-Sutullena;37.6721129;-1.6962305
cer;06007;Puerto Lumbreras;37.5810062;-1.7318752
cer;06100;Almendricos;37.4748802;-1.7796299
cer;07001;Pulpí;37.3992033;-1.7494862
cer;07003;Jaravía;37.3924632;-1.69304
cer;07004;Águilas;37.409865;-1.5725342
cer;07007;Águilas-El Labradorcico;37.4119664;-1.5858719
cer;10000;Madrid-Príncipe Pío;40.4214895;-3.7189689
cer;10001;Aravaca;40.4484551;-3.7855547
cer;10002;Pozuelo;40.4474569;-3.8002779
cer;10005;Las Rozas;40.4942887;-3.8681747
cer;10007;Majadahonda;40.4742885;-3.8462931
cer;10010;El Barrial-Centro Comercial Pozuelo;40.4653918;-3.8076854
cer;10100;Pinar de las Rozas;40.5222672;-3.8822477
cer;10101;Las Matas;40.5523869;-3.8967664
cer;10103;Torrelodones;40.574554;-3.9566013
cer;10104;Galapagar-La Navata;40.6003138;-3.982259
cer;10200;Villalba de Guadarrama;40.6264893;-4.0080301
cer;10201;San Yago;40.6178953;-4.0310749
cer;10202;Las Zorreras-Navalquejigo;40.6093116;-4.0463626
cer;10203;El Escorial;40.5853675;-4.1324053
cer;10204;Zarzalejo;40.5389272;-4.1580662
cer;10205;Robledo de Chavela;40.5208244;-4.2467592
cer;10206;Santa María de la Alameda-Peguerinos;40.569001;-4.2691255
cer;10207;Las Navas del Marqués;40.589205;-4.362259
cer;10208;Navalperal;40.591152;-4.408382
cer;10209;El Pimpollar;40.567587;-4.283541
cer;10300;Herradón-La Cañada;40.599275;-4.495039
cer;10302;Guimorcondo;40.649062;-4.614987
cer;10400;Ávila;40.657255;-4.683312
cer;10409;Arévalo;41.047123;-4.701988
cer;10500;Medina del Campo;41.317617;-4.909923
cer;10600;Valladolid-Campo Grande;41.642167;-4.726986
cer;10602;Cabezón del Pisuerga;41.737276;-4.651294
cer;10605;Dueñas;41.87048;-4.541216
cer;11000;Venta de Baños;41.91736;-4.495844
cer;11004;Magaz;41.976561;-4.432114
cer;11006;Quintana del Puente;42.079974;-4.19858
cer;11009;Villaquirán;42.215717;-3.999396
cer;11014;Burgos-Rosa Manzano;42.371197;-3.666308
cer;11109;Briviesca;42.542765;-3.319287
cer;11305;Brinkola;43.0189865;-2.3346811
cer;11306;Legazpi;43.0510385;-2.3306103
cer;11400;Zumarraga;43.0870824;-2.3202298
cer;11402;Ormáiztegui;43.0402752;-2.256462
cer;11404;Beasain;43.0462687;-2.2022994
cer;11405;Ordizia;43.0527547;-2.1791923
cer;11406;Itsasondo;43.0683298;-2.162485
cer;11407;Legorreta;43.0856948;-2.1408977
cer;11408;Ikaztegieta;43.0940398;-2.1255773
cer;11409;Alegia;43.1017599;-2.09714
cer;11500;Tolosa;43.1354472;-2.0790886
cer;11501;Tolosa-Centro;43.1393963;-2.0741122
cer;11502;Anoeta;43.1626064;-2.0703897
cer;11503;Billabona-Zizurkil;43.1891906;-2.0553722
cer;11504;Andoain-Centro;43.2155738;-2.0204595
cer;11505;Andoain;43.2220458;-2.0156757
cer;11506;Urnieta;43.2474669;-1.9884271
cer;11507;Hernani-Erdia;43.2664779;-1.9726232
cer;11508;Hernani;43.2725113;-1.9637735
cer;11509;Martutene;43.2991128;-1.9561747
cer;11510;Loiola;43.3046746;-1.9636294
cer;11511;San Sebastián-Donostia;43.3176961;-1.9767172
cer;11512;Gros;43.3218457;-1.9738835
cer;11513;Ategorrieta;43.3203225;-1.9598127
cer;11514;Herrera;43.3193537;-1.9370173
cer;11515;Pasaia;43.3189428;-1.9171727
cer;11516;Lezo-Rentería;43.3159364;-1.8994386
cer;11518;Ventas de Irún;43.3304116;-1.8167813
cer;11522;Intxaurrondo;43.3200487;-1.9517673
cer;11600;Irun;43.3395365;-1.8012519
cer;12001;Los Negrales;40.638567;-4.0218746
cer;12002;Alpedrete;40.6581044;-4.0349719
cer;12004;Collado Mediano;40.6928982;-4.0359271
cer;12005;Los Molinos-Guadarrama;40.7066407;-4.0671991
cer;12006;Cercedilla;40.7376129;-4.0662985
cer;12007;Tablada;40.705648;-4.12531
cer;12008;Gudillos;40.716914;-4.157681
cer;12009;San Rafael;40.714944;-4.18143
cer;12010;El Espinar;40.740852;-4.189482
cer;12011;Los Ángeles de San Rafael;40.777909;-4.206933
cer;12012;Otero-Herreros;40.80097;-4.203504
cer;12013;Ortigosa del Monte;40.832771;-4.168094
cer;12014;Navas de Riofrío-La Losa;40.856673;-4.141103
cer;12020;Puerto de Navacerrada;40.7844678;-4.0047744
cer;12023;Los Cotos;40.8223419;-3.9644961
cer;12100;Segovia;40.93403;-4.11365
cer;13100;Orduña;42.9946191;-3.0158139
cer;13101;Amurrio;43.049051;-3.0020176
cer;13102;Salbio;43.074172;-2.9993953
cer;13103;Luiaondo;43.0935926;-2.9996644
cer;13104;Santa Cruz de Llodio;43.132863;-2.9698375
cer;13106;Llodio;43.1423514;-2.9606511
cer;13107;Areta;43.1451273;-2.9433913
cer;13108;Arbide;43.1632587;-2.9278362
cer;13109;Arrankudiaga;43.1694994;-2.9184485
cer;13110;Ugao-Miraballes;43.1790833;-2.902696
cer;13111;Arrigorriaga;43.2100868;-2.8885723
cer;13112;Basauri;43.2235298;-2.8823858
cer;13113;Bidebieta-Basauri;43.237057;-2.8894856
cer;13114;Ollargan;43.2424974;-2.9164564
cer;13115;Bakiola;43.1769858;-2.90907
cer;13116;Iñarratxu;43.0358243;-3.0038794
cer;13117;Arakaldo;43.1535592;-2.9382027
cer;13118;Abaroa-San Miguel;43.225648;-2.8871139
cer;13119;La Peña de Bilbao;43.2401669;-2.9240429
cer;13120;Miribilla;43.250429;-2.9305155
cer;13121;Amurrio Iparralde;43.0578453;-2.9960659
cer;13200;Bilbao-Intermod. Abando Indalecio Prieto;43.2601304;-2.9285592
cer;13205;Zabalburu;43.2567911;-2.9322841
cer;13206;Ametzola;43.2547065;-2.9436598
cer;13207;Autonomía;43.2581339;-2.9460321
cer;13208;San Mamés;43.2615306;-2.9488341
cer;13303;Olabeaga;43.2643804;-2.9553272
cer;13304;Zorrotza;43.2778039;-2.9721188
cer;13305;Lutxana-Barakaldo;43.2878137;-2.9754132
cer;13400;Desertu-Barakaldo;43.3000264;-2.984409
cer;13401;Sestao;43.3085201;-2.9940107
cer;13402;La Iberia;43.3127031;-3.0044959
cer;13403;Portugalete;43.318676;-3.0152296
cer;13404;Peñota;43.3263563;-3.0234574
cer;13405;Santurtzi;43.3286605;-3.0295685
cer;13501;Galindo;43.3041349;-3.0101966
cer;13502;Trápaga;43.3030265;-3.0169907
cer;13503;Valle de Trápaga/Trapagaran;43.3014842;-3.0287951
cer;13504;Ortuella;43.3115122;-3.0603549
cer;13505;Putxeta;43.3156801;-3.0911356
cer;13506;Muskiz;43.3215111;-3.1123207
cer;13507;Urioste;43.3075315;-3.041072
cer;13508;Gallarta;43.3193319;-3.0674521
cer;13509;Sagrada Familia;43.3082365;-3.0528979
cer;14100;Palencia;42.015711;-4.534135
cer;14200;Mataporquera;42.870901;-4.165406
cer;14202;Reinosa;42.9944991;-4.1409454
cer;14203;Lantueno-Santiurde;43.0580731;-4.0840131
cer;14204;Pesquera;43.082333;-4.0738143
cer;14206;Bárcena;43.1287054;-4.053473
cer;14207;Molledo-Portolín;43.1456269;-4.0390334
cer;14208;Santa Cruz de Iguña;43.1701216;-4.0450627
cer;14209;Las Fraguas;43.193219;-4.0541127
cer;14210;Los Corrales de Buelna;43.2551009;-4.0639472
cer;14211;Las Caldas de Besaya;43.2985945;-4.073252
cer;14212;Viérnoles;43.3245636;-4.0540441
cer;14213;Torrelavega;43.3276776;-4.0426871
cer;14214;Sierrapando;43.3417845;-4.0266342
cer;14215;Zurita;43.3476712;-3.9910501
cer;14216;Renedo;43.3531069;-3.9496471
cer;14217;Parbayón;43.3767446;-3.8942201
cer;14218;Guarnizo;43.3915101;-3.859545
cer;14219;Boo;43.4104796;-3.8415883
cer;14220;Maliaño;43.4161415;-3.8410762
cer;14223;Santander;43.4583981;-3.8109529
cer;14230;Valdecilla;43.4540888;-3.8277628
cer;14231;Nueva Montaña apeadero;43.444713;-3.847199
cer;14232;Lombera;43.2658249;-4.0675902
cer;14233;Río Ebro;43.0007554;-4.1344006
cer;14234;Pujayo;43.1228745;-4.0823753
cer;14235;Arenas de Iguña;43.1850828;-4.0500754
cer;14236;Vioño;43.360647;-3.9648063
cer;14237;Muriedas-Bahía;43.4216858;-3.8441175
cer;15004;Paredes de Nava;42.150694;-4.697599
cer;15007;Villada;42.245238;-4.970589
cer;15008;Grajal;42.323246;-5.013381
cer;15009;Sahagún;42.369329;-5.022667
cer;15012;El Burgo Ranero;42.425753;-5.208592
cer;15015;Palanquinos;42.460716;-5.497584
cer;15100;León;42.596048;-5.582428
cer;15106;La Robla;42.804454;-5.626255
cer;15108;La Pola de Gordón;42.854099;-5.674524
cer;15109;Santa Lucía;42.87515;-5.639613
cer;15112;Villamanín;42.93671;-5.657637
cer;15113;Busdongo;42.984495;-5.705391
cer;15116;Linares-Congostinas;43.101743;-5.772162
cer;15118;Puente de los Fierros;43.0715986;-5.769465
cer;15119;La Frecha;43.096167;-5.7985997
cer;15120;Campomanes;43.1100681;-5.8164466
cer;15121;La Cobertoria;43.1301608;-5.8160304
cer;15122;Pola de Lena;43.15872;-5.8310263
cer;15123;Villallana;43.1838568;-5.8145928
cer;15200;Ujo;43.2046962;-5.7926422
cer;15202;Santullano;43.220899;-5.7855868
cer;15203;Mieres-Puente;43.2500266;-5.7822622
cer;15205;Ablaña;43.2676032;-5.8057926
cer;15206;La Pereda-Riosa;43.2770867;-5.812235
cer;15207;Olloniego;43.2961226;-5.8188502
cer;15208;Soto de Rey;43.3064094;-5.8558072
cer;15209;Las Segadas;43.3132419;-5.8691978
cer;15210;El Caleyo;43.3290466;-5.8733323
cer;15211;Oviedo;43.3663577;-5.854838
cer;15212;Lugones;43.404272;-5.8117818
cer;15217;La Corredoria;43.388108;-5.8272527
cer;15218;Llamaquique;43.3588282;-5.8573201
cer;15300;Lugo de Llanera;43.4423322;-5.8158932
cer;15301;Villabona de Asturias;43.4615187;-5.8263463
cer;15302;Serín;43.504905;-5.7818821
cer;15303;Monteana;43.5208475;-5.746358
cer;15305;Villabona-Tabladielillo;43.4741624;-5.8000538
cer;15400;Veriña;43.5415755;-5.722797
cer;15401;Calzada de Asturias;43.5353848;-5.6971507
cer;15410;Gijón-Sanz Crespo;43.5377329;-5.6758089
cer;16001;Santa Eulalia de Manzaneda;43.3173375;-5.8126204
cer;16002;Tudela-Veguín;43.3310103;-5.7768925
cer;16005;Peña Rubia;43.321302;-5.7208059
cer;16006;Barros;43.3178302;-5.7109141
cer;16008;La Felguera;43.304831;-5.6928516
cer;16009;Sama;43.2987784;-5.6833209
cer;16010;Ciaño;43.2893884;-5.6686704
cer;16011;El Entrego;43.2895167;-5.6408474
cer;16301;Ferroñes;43.4760338;-5.8616217
cer;16302;Cancienes;43.507333;-5.8692521
cer;16400;Nubledo;43.5234229;-5.8703014
cer;16401;Villalegre;43.5400404;-5.9022308
cer;16402;La Rocica;43.5471015;-5.9047083
cer;16403;Avilés;43.561339;-5.9228329
cer;16405;San Juan de Nieva;43.5895359;-5.9325513
cer;16408;Los Campos;43.5365119;-5.8848823
cer;17000;Madrid-Chamartín-Clara Campoamor;40.4711789;-3.6829524
cer;17001;Fuencarral;40.5015603;-3.6825042
cer;17003;El Goloso;40.5588966;-3.7139714
cer;17004;Tres Cantos;40.5987417;-3.7155585
cer;17005;Colmenar Viejo;40.6452094;-3.7766142
cer;17009;Universidad-Cantoblanco;40.5438416;-3.7001551
cer;18000;Madrid-Atocha Cercanías;40.4066191;-3.6894391
cer;18001;Madrid-Recoletos;40.4233731;-3.690931
cer;18002;Madrid-Nuevos Ministerios;40.4466271;-3.6923468
cer;18003;Méndez Álvaro P.V.;40.3957768;-3.677844
cer;18004;Delicias;40.4004375;-3.6927766
cer;18005;Pirámides;40.4025341;-3.7113623
cer;18101;Sol;40.4168665;-3.7028765
cer;19001;Universidad Pontificia de Comillas;40.5539697;-3.6836997
cer;19002;Valdelasfuentes;40.5474339;-3.6543237
cer;19003;Alcobendas-San Sebastián de los Reyes;40.5465765;-3.6351731
cer;21010;Ferrol;43.4880467;-8.2310664
cer;30000;Monfragüe;39.937464;-6.10091
cer;30002;Plasencia;40.022282;-6.099397
cer;35001;Leganés;40.328643;-3.7713161
cer;35002;Fuenlabrada;40.2833784;-3.7994429
cer;35005;Illescas;40.12088;-3.842262
cer;35009;Zarzaquemada;40.3408526;-3.7482632
cer;35010;La Serna-Fuenlabrada;40.2968173;-3.7926235
cer;35011;Parque Polvoranca;40.3125738;-3.7834937
cer;35012;Humanes;40.2558101;-3.8287055
cer;35105;Torrijos;39.979003;-4.283037
cer;35109;Montearagón;39.960996;-4.647093
cer;35200;Talavera de la Reina;39.970674;-4.826512
cer;35203;Oropesa de Toledo;39.921746;-5.186137
cer;35206;Navalmoral de la Mata;39.894913;-5.545607
cer;35207;Casatejada;39.891909;-5.677732
cer;35301;Mirabel;39.866229;-6.228969
cer;35302;Casas de Millán;39.811866;-6.326045
cer;35303;Cañaveral;39.789124;-6.375031
cer;35400;Cáceres;39.461131;-6.385679
cer;35600;Aluche;40.3856677;-3.7607343
cer;35601;Maestra Justa Freire-Polidep. Aluche;40.3836379;-3.7686869
cer;35602;Las Águilas;40.381022;-3.7801636
cer;35603;Cuatro Vientos;40.3777651;-3.79151
cer;35604;San José de Valderas;40.356613;-3.815573
cer;35605;Alcorcón;40.3502269;-3.8317018
cer;35606;Móstoles;40.3286626;-3.8636221
cer;35607;Móstoles-El Soto;40.331064;-3.882456
cer;35608;Laguna;40.3990603;-3.7442305
cer;35609;Embajadores;40.4046484;-3.702579
cer;35610;Las Retamas;40.3421153;-3.8424636
cer;35702;Doce de Octubre;40.378921;-3.6986988
cer;35703;Orcasitas;40.3671021;-3.7042307
cer;35704;Puente Alcocer;40.3504482;-3.7051154
cer;37001;Madrid-Villaverde Alto;40.3415895;-3.7123508
cer;37002;Getafe-Centro;40.3100045;-3.7339878
cer;37010;Las Margaritas;40.3230989;-3.7272863
cer;37011;Getafe-Sector 3;40.2883893;-3.7374991
cer;37012;Parla;40.2410986;-3.7692699
cer;37500;Mérida;38.921503;-6.343794
cer;40002;Calamonte;38.886931;-6.382965
cer;40004;Almendralejo;38.684662;-6.399815
cer;40005;Villafranca de los Barros;38.564402;-6.352048
cer;40006;Los Santos de Maimona;38.449724;-6.361749
cer;40008;Zafra Feria;38.424403;-6.410084
cer;40100;Zafra;38.413635;-6.405083
cer;40105;Llerena;38.237;-6.009017
cer;40107;Fuente del Arco;38.16353;-5.900484
cer;40108;Guadalcanal;38.090197;-5.803388
cer;40113;Cazalla-Constantina;37.9328637;-5.704433
cer;40115;Pedroso;37.8373919;-5.7624522
cer;40119;Villanueva del Río-Minas;37.6617048;-5.7121543
cer;40121;Alcolea del Río;37.6354557;-5.7308309
cer;40122;Tocina;37.6093044;-5.7316939
cer;43000;San Jerónimo;37.433173;-5.98036
cer;43002;Camas;37.4177385;-6.0408469
cer;43003;Villanueva del Ariscal y Olivares;37.4071375;-6.1481895
cer;43004;Sanlúcar la Mayor;37.3814397;-6.1939625
cer;43005;Benacazón;37.3568512;-6.2082011
cer;43026;Valencina-Santiponce;37.4268127;-6.0566858
cer;43027;Salteras;37.4102348;-6.0992391
cer;50600;Lora del Río;37.6613212;-5.5295514
cer;50602;Guadajoz;37.5814594;-5.6699795
cer;50700;Los Rosales;37.5899718;-5.7261208
cer;50701;Cantillana;37.5749689;-5.8032073
cer;50702;Brenes;37.5463276;-5.8667821
cer;50703;La Rinconada;37.4800897;-5.940119
cer;50704;El Cáñamo;37.4863952;-5.932975
cer;51003;Sevilla-Santa Justa;37.3924955;-5.9749269
cer;51009;Palacio de Congresos;37.4036456;-5.9362636
cer;51010;Padre Pío-Palmete;37.370852;-5.9394111
cer;51050;Cartuja;37.4074574;-6.0101856
cer;51051;Estadio Olímpico;37.4174307;-6.007496
cer;51100;San Bernardo;37.3777778;-5.9796142
cer;51101;La Salud;37.3299833;-5.9637916
cer;51103;Dos Hermanas;37.2872259;-5.9235322
cer;51110;Virgen del Rocío;37.3628091;-5.9760105
cer;51111;Bellavista;37.3215188;-5.9641924
cer;51112;Cantaelgallo;37.2782197;-5.9104397
cer;51113;Jardines de Hércules;37.3328527;-5.964094
cer;51200;Utrera;37.1848178;-5.7907537
cer;51202;Las Cabezas de San Juan;37.0194897;-5.94658
cer;51203;Lebrija;36.9116378;-6.0948487
cer;51205;Aeropuerto de Jerez;36.7515886;-6.0659384
cer;51300;Jerez de la Frontera;36.680022;-6.1266032
cer;51400;Puerto de Santa María;36.6040723;-6.2179261
cer;51401;Puerto Real;36.5309155;-6.1853143
cer;51402;San Fernando-Centro;36.4759612;-6.1940322
cer;51404;Segunda Aguada;36.5135317;-6.2770128
cer;51405;Cádiz;36.528935;-6.2879716
cer;51406;San Fernando-Bahía Sur;36.4680834;-6.2067676
cer;51407;Cortadura;36.4943672;-6.2682384
cer;51409;Cádiz-Estadio;36.5029461;-6.2720644
cer;51414;San Severiano;36.5216048;-6.2806706
cer;51415;Las Aletas;36.544638;-6.1990088
cer;51416;Universidad de Cádiz;36.5292509;-6.2061686
cer;51417;Valdelagrana;36.5847249;-6.2162993
cer;51419;Río Arillo;36.4574943;-6.2236261
cer;51450;Pelagatos;36.4087561;-6.1343224
cer;51451;La Hoya;36.4112449;-6.1390947
cer;51452;Reyes Católicos;36.4144119;-6.1431897
cer;51453;Nuestra Señora de los Remedios;36.4203978;-6.1447469
cer;51454;Alameda Solano;36.4253775;-6.1445236
cer;51455;Marquesado;36.4286404;-6.1433744
cer;51456;Pinar de los Franceses;36.4405201;-6.1445658
cer;51457;Tres Caminos;36.4665227;-6.1757059
cer;51458;Venta de Vargas;36.4677391;-6.1910642
cer;51459;Plaza de la Iglesia;36.4662187;-6.1955495
cer;51460;Plaza del Rey;36.4639443;-6.1983443
cer;51461;Compañía de María;36.4604371;-6.2010115
cer;51462;Plaza del Carmen;36.4581593;-6.2034887
cer;51463;Santo Entierro;36.455907;-6.2096161
cer;51464;La Ardila;36.4562497;-6.2160272
cer;54403;El Chorro-Caminito del Rey;36.907335;-4.759258
cer;54404;Las Mellizas;36.873306;-4.719433
cer;54405;Álora;36.8198747;-4.6996105
cer;54406;Pizarra;36.7641515;-4.7118313
cer;54407;Aljaima;36.7330833;-4.6645001
cer;54408;Cártama;36.7337392;-4.6083966
cer;54410;Campanillas;36.7050436;-4.5454825
cer;54412;Málaga-Los Prados;36.6986108;-4.47815
cer;54500;Málaga M.Z. Cercanías;36.7113885;-4.4328909
cer;54501;Victoria Kent;36.7012229;-4.4544145
cer;54503;Guadalhorce;36.6920757;-4.4836844
cer;54505;Málaga-Aeropuerto;36.6777169;-4.4901607
cer;54508;La Colina;36.6419236;-4.4926383
cer;54509;Torremolinos;36.6225596;-4.49957
cer;54510;El Pinillo;36.6098688;-4.5153735
cer;54511;Benalmádena-Arroyo de la Miel;36.5991116;-4.5363459
cer;54512;Torremuelle;36.5822966;-4.5670183
cer;54513;Carvajal;36.570259;-4.5940491
cer;54514;Torreblanca del Sol;36.5649071;-4.6067106
cer;54515;Los Boliches;36.5546583;-4.6145767
cer;54516;Fuengirola;36.5418947;-4.623858
cer;54517;Málaga-Centro Alameda;36.7159539;-4.4265335
cer;54518;Los Álamos;36.6450587;-4.4851186
cer;54519;Montemar Alto;36.6136673;-4.5094259
cer;54520;Plaza Mayor;36.6562029;-4.4803044
cer;60100;Madrid-Villaverde Bajo;40.3526762;-3.6838977
cer;60101;San Cristóbal Industrial;40.3318587;-3.69896
cer;60102;Getafe-Industrial;40.3057176;-3.7078359
cer;60103;Pinto;40.2428555;-3.7035303
cer;60104;Valdemoro;40.1960779;-3.6649372
cer;60105;Ciempozuelos;40.1592011;-3.6101851
cer;60107;San Cristóbal de los Ángeles;40.3424144;-3.6839795
cer;60109;El Casar;40.3185223;-3.7098062
cer;60200;Aranjuez;40.0350257;-3.6182534
cer;60902;Villena;38.631738;-0.867689
cer;60904;Sax;38.544251;-0.813729
cer;60905;Elda-Petrer;38.484879;-0.80109
cer;60907;Novelda-Aspe;38.407086;-0.777744
cer;60911;Alicante/Alacant-Terminal;38.3447127;-0.4955241
cer;60913;Sant Vicent Centre;38.3946533;-0.5287247
cer;60914;Universidad de Alicante;38.384165;-0.528411
cer;61200;Murcia del Carmen;37.9748243;-1.131508
cer;62001;Beniel;38.0448608;-0.9994759
cer;62002;Orihuela-Miguel Hernández;38.0779321;-0.944606
cer;62003;Callosa de Segura;38.1227686;-0.8745747
cer;62100;San Isidro-Albatera-Catral;38.1670209;-0.8380854
cer;62101;Crevillente;38.2245622;-0.7815283
cer;62102;Elche/Elx-Carrús;38.2689783;-0.7063992
cer;62103;Elche/Elx-Parc;38.2717809;-0.6952193
cer;62104;Torrellano;38.2896365;-0.5824572
cer;62109;Sant Gabriel;38.3290647;-0.5086866
cer;64003;Moixent;38.8777975;-0.7536507
cer;64004;Vallada;38.9089907;-0.6902385
cer;64005;Montesa;38.9429388;-0.6410905
cer;64006;L'Alcúdia de Crespins;38.9690579;-0.5866758
cer;64007;Lenova-Manuel;39.0500727;-0.4776036
cer;64100;Xàtiva;38.992148;-0.5245402
cer;64102;La Pobla Llarga;39.0833385;-0.4696592
cer;64103;Carcaixent;39.1205251;-0.4544102
cer;64104;Alzira;39.1531495;-0.4506011
cer;64105;Algemesí;39.1931484;-0.4409196
cer;64107;Benifaió;39.2843027;-0.4299537
cer;64200;Silla;39.3619548;-0.4149813
cer;64201;Catarroja;39.4000447;-0.3992195
cer;64202;Massanassa;39.4091934;-0.3953073
cer;64203;Alfafar-Benetússer;39.4224232;-0.392605
cer;64210;Albal;39.3918429;-0.4026343
cer;65000;València-Estació del Nord;39.4669305;-0.3772239
cer;65001;Roca-Cúper;39.5262094;-0.3238405
cer;65002;València-La Font de Sant Lluís;39.4416052;-0.371422
cer;65003;València-Cabanyal;39.4702456;-0.3346772
cer;65005;Albuixech;39.5435233;-0.3205526
cer;65006;Massalfassar;39.5557532;-0.3183058
cer;65007;El Puig;39.588302;-0.3116645
cer;65008;Puçol;39.6205367;-0.3031085
cer;65200;Sagunt;39.6758025;-0.271542
cer;65201;Les Valls;39.7193457;-0.2397602
cer;65202;Almenara;39.7487737;-0.2183811
cer;65203;La Llosa;39.7678109;-0.2029444
cer;65204;Chilches/Xilxes;39.7826726;-0.1903295
cer;65205;Moncofa;39.8208891;-0.1626965
cer;65206;Nules la Villavella;39.8532354;-0.1527317
cer;65207;Burriana-Alquerías Niño Perdido;39.8965088;-0.1038601
cer;65208;Vila-Real;39.9330935;-0.0967681
cer;65209;Almassora;39.9549079;-0.0767713
cer;65300;Castelló de la Plana;39.9884736;-0.0523456
cer;65304;Orpesa;40.092258;0.139861
cer;65306;Torreblanca;40.212211;0.198779
cer;65308;Alcalá de Chivert;40.30469;0.228717
cer;65311;Benicarló-Peñíscola;40.427639;0.415217
cer;65312;Vinaròs;40.471682;0.455727
cer;65314;Ulldecona-Alcanar-La Sénia;40.5959267;0.44927448
cer;65318;Benicàssim;40.0579451;0.0577646
cer;65400;Tortosa;40.807333;0.5230136
cer;65401;Camp-redó;40.7591556;0.55584433
cer;65402;L'Aldea-Amposta-Tortosa;40.753564;0.61430923
cer;65403;Camarles-Deltebre;40.7747633;0.67176095
cer;65404;L'Ampolla-El Perelló-Deltebre;40.8119898;0.70826336
cer;65405;L'Ametlla de Mar;40.8862;0.80045321
cer;65411;Salou-Port Aventura;41.0884798;1.14605195
cer;65420;L'Hospitalet de l'Infant;40.99939;0.91253887
cer;65422;Cambrils;41.0815642;1.04603752
cer;66200;Utiel;39.5707742;-1.2024215
cer;66201;San Antonio de Requena;39.5222997;-1.150367
cer;66202;Requena;39.4912708;-1.1046578
cer;66203;El Rebollar;39.4773604;-1.0116025
cer;66204;Siete Aguas;39.4572264;-0.9025067
cer;66206;Buñol;39.427139;-0.7873638
cer;66207;Chiva;39.4711268;-0.7229414
cer;66208;Cheste;39.490903;-0.6862639
cer;66209;Lorigüilla-Reva;39.4857771;-0.5673983
cer;66210;Circuit Ricardo Tormo;39.4954379;-0.6247545
cer;66211;Aldaia;39.4611179;-0.4632476
cer;66212;València-Sant Isidre;39.4502194;-0.4039788
cer;66214;Xirivella-Alqueries;39.4626294;-0.432216
cer;67211;Caudiel;39.9473696;-0.5720537
cer;67212;Jérica-Viver;39.9149777;-0.5693896
cer;67213;Navajas;39.8744166;-0.5059546
cer;67214;Segorbe-Arrabal;39.854557;-0.493863
cer;67215;Segorbe-Ciudad;39.8471755;-0.4823544
cer;67216;Algimia-Ciudad;39.7529934;-0.3657542
cer;67217;Soneja;39.8126015;-0.4318206
cer;67221;Estivella-Albalat Dels Tarongers;39.706408;-0.348324
cer;67223;Gilet;39.6793985;-0.3206548
cer;69001;Genovés;38.98773;-0.47988
cer;69002;Benigànim;38.938499;-0.453424
cer;69003;La Pobla del Duc;38.907606;-0.453386
cer;69004;Montaberner;38.884135;-0.491619
cer;69005;Bufalí;38.867405;-0.510478
cer;69006;Albaida;38.845645;-0.518129
cer;69007;Agullent;38.830569;-0.551183
cer;69008;Ontinyent;38.809692;-0.602457
cer;69009;Agres;38.796829;-0.521744
cer;69010;Cocentaina;38.740618;-0.446789
cer;69011;Alcoi;38.709349;-0.470247
cer;69101;El Romaní;39.3029789;-0.3942354
cer;69102;Sollana;39.2793471;-0.3793139
cer;69103;Sueca;39.2058471;-0.3082388
cer;69104;Cullera;39.1778885;-0.2632437
cer;69105;Tavernes de la Valldigna;39.0790438;-0.2262966
cer;69107;Xeraco;39.0261489;-0.2150346
cer;69110;Gandia;38.970514;-0.1797829
cer;69111;Platja i Grau de Gandia;38.9902436;-0.1624339
cer;70001;Vallecas;40.3819607;-3.6245835
cer;70002;Asamblea de Madrid-Entrevías;40.3818618;-3.6680454
cer;70003;El Pozo;40.3760377;-3.6561407
cer;70100;Vicálvaro;40.4012524;-3.595897
cer;70101;San Fernando de Henares;40.4427805;-3.5339866
cer;70102;Torrejón de Ardoz;40.4547895;-3.47973
cer;70103;Alcalá de Henares;40.4890814;-3.3662457
cer;70104;Meco;40.5346731;-3.2986806
cer;70105;Azuqueca;40.561077;-3.265397
cer;70107;Alcalá de Henares-Universidad;40.5054303;-3.3353258
cer;70108;Coslada;40.423237;-3.5611109
cer;70109;Santa Eugenia;40.3869545;-3.6089855
cer;70111;La Garena;40.4805448;-3.3930055
cer;70112;Soto del Henares;40.463964;-3.4414076
cer;70200;Guadalajara;40.6441928;-3.1822602
cer;70202;Yunquera de Henares;40.747013;-3.163226
cer;70204;Humanes de Mohernando;40.831273;-3.13886
cer;70207;Espinosa de Henares;40.909686;-3.073157
cer;70208;Carrascosa de Henares;40.90598;-3.014352
cer;70209;Jadraque;40.930229;-2.935935
cer;70210;Matillas;40.953808;-2.84326
cer;70300;Baides;41.004864;-2.785635
cer;70302;Sigüenza;41.071417;-2.646407
cer;70400;Torralba;41.136617;-2.492952
cer;70401;Medinaceli;41.165207;-2.421241
cer;70403;Arcos de Jalón;41.215854;-2.278998
cer;70404;Santa María de Huerta;41.264421;-2.177525
cer;70500;Ariza;41.3098;-2.059411
cer;70501;Cetina;41.295978;-1.961811
cer;70502;Alhama de Aragón;41.294398;-1.904454
cer;70504;Ateca;41.324659;-1.785268
cer;70600;Calatayud;41.346692;-1.63868
cer;70700;Ricla-La Almunia;41.501394;-1.40345
cer;70800;Casetas;41.7226479;-1.0201916
cer;70801;Utebo;41.7108644;-0.9985828
cer;70806;Zaragoza-Portillo;41.6527361;-0.8958759
cer;70807;Zaragoza-Goya;41.6438779;-0.8912574
cer;71100;Zaragoza-Miraflores;41.6334311;-0.8681653
cer;71103;Fuentes de Ebro;41.515065;-0.618625
cer;71105;Quinto;41.419528;-0.490673
cer;71108;La Zaida-Sástago;41.320542;-0.427115
cer;71200;La Puebla de Híjar;41.2244;-0.438595
cer;71201;Samper;41.182183;-0.368761
cer;71204;Caspe;41.239738;-0.042701
cer;71205;Val de Pilas;41.230056;0.070145
cer;71206;Fabara;41.234405;0.143284
cer;71207;Nonaspe;41.213788;0.242472
cer;71208;Faió-La Pobla de Massaluca;41.2250555;0.35110259
cer;71209;Riba-roja d'Ebre;41.2485594;0.48103178
cer;71210;Flix;41.2293651;0.54010012
cer;71211;Ascó;41.1823727;0.56902524
cer;71300;Móra la Nova;41.1065823;0.65321819
cer;71302;Capçanes;41.1020902;0.78036099
cer;71303;Marçà-Falset;41.1309421;0.81041774
cer;71304;Pradell;41.1333595;0.85865032
cer;71305;Duesaigües-L'Argentera;41.1436928;0.92087096
cer;71306;Riudecanyes-Botarell;41.1400577;0.97574775
cer;71307;Les Borges del Camp;41.1665064;1.0221323
cer;71400;Reus;41.1605229;1.10008978
cer;71401;Vila-seca;41.1128193;1.15037877
cer;71500;Tarragona;41.1115636;1.25322776
cer;71502;Altafulla-Tamarit;41.1366479;1.37341488
cer;71503;Torredembarra;41.1427923;1.40578377
cer;71600;Sant Vicenç de Calders;41.1862102;1.52480358
cer;71601;Calafell;41.1896703;1.57500937
cer;71602;Segur de Calafell;41.1925787;1.60643599
cer;71603;Cunit;41.1950415;1.63194242
cer;71604;Cubelles;41.2043246;1.6759772
cer;71700;Vilanova i la Geltrú;41.2203207;1.73077249
cer;71701;Sitges;41.2391315;1.80969184
cer;71703;Garraf;41.2545875;1.90250383
cer;71704;Platja de Castelldefels;41.2669823;1.95713579
cer;71705;Castelldefels;41.2790474;1.97915126
cer;71706;Gavà;41.3034722;2.01053111
cer;71707;El Prat de Llobregat;41.3309401;2.08934473
cer;71708;Bellvitge - Gornal;41.3549216;2.1152733
cer;71709;Viladecans;41.3095086;2.02741857
cer;71801;Barcelona-Sants;41.3798632;2.14101688
cer;71802;Barcelona-Passeig de Gràcia;41.3920862;2.16533862
cer;72101;Roda de Mar;41.1864204;1.45520767
cer;72201;El Vendrell;41.2210057;1.53790552
cer;72202;L'Arboç;41.2734041;1.60051857
cer;72203;Els Monjos;41.3147135;1.65988402
cer;72204;Vilafranca del Penedès;41.3448139;1.70320131
cer;72205;La Granada;41.3709497;1.72507893
cer;72206;Lavern-Subirats;41.3957338;1.76817358
cer;72207;Sant Sadurní d'Anoia;41.4205181;1.79468769
cer;72208;Gelida;41.4485405;1.86552988
cer;72209;Martorell Central;41.4792866;1.92533467
cer;72210;Castellbisbal;41.4734152;1.96756971
cer;72211;El Papiol;41.4353713;2.00257792
cer;72300;Molins de Rei;41.4098958;2.02077275
cer;72301;Sant Feliu de Llobregat;41.3830018;2.0479197
cer;72302;Sant Joan Despí;41.3685805;2.06020835
cer;72303;Cornellà;41.3575214;2.07054907
cer;72305;L'Hospitalet de Llobregat;41.3642038;2.10091749
cer;72400;El Prat Aeroport;41.3041813;2.07340133
cer;72501;Rubí Can Vallhonrat;41.4751763;2.03707926
cer;72502;Sant Cugat Coll Favà;41.4810907;2.07967922
cer;72503;Cerdanyola Universitat;41.4969904;2.1153777
cer;72508;Santa Perpètua de Mogoda Riera de Caldes;41.5262297;2.18633867
cer;73001;Puigverd de Lleida-Artesa de Lleida;41.5537015;0.73342706
cer;73002;Juneda;41.5439328;0.82554185
cer;73003;Les Borges Blanques;41.5213973;0.87791022
cer;73004;La Floresta;41.5042013;0.924432
cer;73005;Vinaixa;41.425141;0.9703737
cer;73006;Vimbodí i Poblet;41.4027277;1.04603327
cer;73007;L'Espluga de Francolí;41.4006616;1.10336094
cer;73008;Montblanc;41.3766254;1.16554869
cer;73009;Vilaverd;41.3376633;1.17653235
cer;73010;La Riba;41.3184926;1.1813126
cer;73100;La Plana-Picamoixons;41.3061987;1.19488293
cer;73101;Alcover;41.2616066;1.17416002
cer;73102;La Selva del Camp;41.2111544;1.14396003
cer;74200;Huesca;42.133594;-0.409745
cer;74204;Ayerbe;42.27561;-0.682569
cer;74206;Riglos;42.344756;-0.731599
cer;74207;Santa María y la Peña;42.38039;-0.695647
cer;74208;Anzánigo;42.403289;-0.643344
cer;74209;Caldearenas-Aquilué;42.397973;-0.499309
cer;74211;Sabiñánigo;42.520446;-0.373085
cer;74213;Jaca;42.578303;-0.539231
cer;74214;Castiello-Pueblo;42.62811;-0.546291
cer;74216;Villanúa;42.688745;-0.52346
cer;74217;Canfranc;42.751471;-0.514641
cer;76001;Salomó;41.2234416;1.37662504
cer;76002;Vilabella;41.2395473;1.31749155
cer;76003;Nulles-Bràfim;41.2503192;1.29750259
cer;76004;Valls;41.2896079;1.25865179
cer;77002;Montcada-Ripollet;41.4968022;2.18192841
cer;77003;Santa Perpètua de Mogoda la Florida;41.5262041;2.18623384
cer;77004;Mollet-Santa Rosa;41.5366617;2.20616865
cer;77005;Parets del Vallès;41.556269;2.22600409
cer;77006;Granollers-Canovelles;41.6114637;2.27686073
cer;77100;Les Franqueses del Vallès;41.6297885;2.29516461
cer;77102;La Garriga;41.6846272;2.28879559
cer;77103;Figaró;41.7213454;2.27160129
cer;77104;Sant Martí de Centelles;41.7605736;2.24890462
cer;77105;Centelles;41.7993947;2.22263552
cer;77106;Balenyà-Els Hostalets;41.8149511;2.23331523
cer;77107;Balenyà-Tona-Seva;41.8419076;2.2474424
cer;77109;Vic;41.9310958;2.24885665
cer;77110;Manlleu;41.9998601;2.26929589
cer;77111;Torelló;42.0520113;2.25997226
cer;77112;Borgonyà;42.0646586;2.24200567
cer;77113;Sant Quirze de Besora-Montesquiu;42.1048488;2.21773349
cer;77114;La Farga de Bebié;42.1300729;2.20393566
cer;77200;Ripoll;42.1961284;2.19584128
cer;77301;Campdevànol;42.2217131;2.16575839
cer;77303;Ribes de Freser;42.3002126;2.16619947
cer;77304;Planoles;42.3144689;2.09973152
cer;77305;Toses;42.3209639;2.01525836
cer;77306;La Molina;42.3446518;1.95595081
cer;77307;Urtx-Alp;42.3768624;1.89685307
cer;77309;Puigcerdà;42.4296256;1.92458355
cer;77310;La Tor de Querol-Enveig;42.4590288;1.90438312
cer;78005;Villanueva de Gállego;41.76551;-0.822204
cer;78200;Tardienta;41.975716;-0.538223
cer;78400;Lleida-Pirineus;41.62013;0.63365328
cer;78402;Bell-lloc d'Urgell;41.631619;0.781547
cer;78403;Mollerussa;41.631779;0.896775
cer;78404;Golmés;41.635929;0.930863
cer;78405;Castellnou de Seana;41.637464;0.967736
cer;78406;Bellpuig;41.632545;1.012993
cer;78407;Anglesola;41.646448;1.079192
cer;78408;Tàrrega;41.650387;1.138963
cer;78500;Cervera;41.673611;1.274773
cer;78501;Sant Guim de Freixenet;41.655924;1.42053
cer;78502;Sant Martí Sesgueioles;41.701217;1.486204
cer;78503;Calaf;41.730334;1.515097
cer;78504;Seguers-Sant Pere Sallavinera;41.747991;1.574167
cer;78505;Aguilar de Segarra;41.738917;1.62372
cer;78506;Rajadell;41.733159;1.696275
cer;78600;Manresa;41.7203921;1.82648564
cer;78604;Sant Vicenç de Castellet;41.6688309;1.86264304
cer;78605;Castellbell i el Vilar-Monist Montserrat;41.6286826;1.86882093
cer;78606;Vacarisses;41.601928;1.8940879
cer;78607;Vacarisses-Torreblanca;41.5869183;1.91647577
cer;78609;Viladecavalls;41.5637965;1.95727015
cer;78610;Sant Miquel de Gonteres;41.5688661;1.97428484
cer;78700;Terrassa Estació del Nord;41.5697825;2.01435428
cer;78703;Sabadell Sud;41.5287076;2.10539311
cer;78704;Sabadell Centre;41.5464197;2.11560767
cer;78705;Barberà del Vallès;41.5136598;2.11845269
cer;78706;Cerdanyola del Vallès;41.4925608;2.14752164
cer;78707;Montcada i Reixac-Santa Maria;41.4811409;2.16698683
cer;78708;Montcada i Reixac-Manresa;41.4839402;2.1854042
cer;78709;Sabadell Nord;41.5619773;2.09622844
cer;78710;Terrassa Est;41.5675296;2.03963639
cer;78800;Montcada-Bifurcació;41.4698402;2.18001578
cer;78801;Barcelona Torre Baró -Vallbona;41.4609684;2.18102036
cer;78802;Barcelona Fabra i Puig;41.4303481;2.18332907
cer;78804;Barcelona Arc de Triomf;41.3919048;2.18063916
cer;78805;Barcelona Plaça de Catalunya;41.3879231;2.16970383
cer;78806;Barcelona La Sagrera-Meridiana;41.421848;2.18711031
cer;79004;Barcelona Sant Andreu;41.4361251;2.19319866
cer;79005;Montcada i Reixac;41.4842254;2.1880892
cer;79006;Mollet-Sant Fost;41.5335634;2.21766516
cer;79007;Montmeló;41.5496523;2.24544407
cer;79009;Barcelona El Clot;41.4092979;2.18719759
cer;79011;La Llagosta;41.5104566;2.19973279
cer;79100;Granollers Centre;41.5997447;2.29126962
cer;79101;Cardedeu;41.6367012;2.35626265
cer;79102;Llinars del Vallès;41.6380367;2.40445769
cer;79103;Palautordera;41.6719522;2.45421488
cer;79104;Sant Celoni;41.6857928;2.49072799
cer;79105;Gualba;41.7181901;2.53878373
cer;79106;Riells i Viabrea-Breda;41.7263582;2.56889584
cer;79107;Hostalric;41.747788;2.63165011
cer;79109;Les Franqueses-Granollers Nord;41.6172549;2.2944318
cer;79200;Maçanet-Massanes;41.7724212;2.67385865
cer;79202;Sils;41.8075996;2.74500729
cer;79203;Caldes de Malavella;41.84111;2.80076692
cer;79204;Riudellots;41.896297;2.81157037
cer;79205;Fornells de la Selva;41.935043;2.80978324
cer;79300;Girona;41.9793629;2.81693689
cer;79301;Celrà;42.0271984;2.87490587
cer;79302;Bordils-Juià;42.0370568;2.91529561
cer;79303;Flaçà;42.047477;2.95740315
cer;79304;Sant Jordi Desvalls;42.0683023;2.96447664
cer;79305;Camallera;42.1223297;2.96536522
cer;79306;Sant Miquel de Fluvià;42.1721019;2.98959828
cer;79308;Vilamalla;42.216362;2.97776423
cer;79309;Figueres;42.2651134;2.96880074
cer;79311;Vilajuïga;42.3256691;3.08754626
cer;79312;Llançà;42.3666194;3.1489746
cer;79314;Colera;42.4068837;3.15434316
cer;79315;Portbou;42.4245908;3.15801841
cer;79316;Cerbère;42.441664;3.16314935
cer;79400;Barcelona Estació de França;41.3844866;2.18534785
cer;79403;Sant Adrià de Besòs;41.4244316;2.23048178
cer;79404;Badalona;41.4458838;2.24892096
cer;79405;Montgat;41.4630211;2.2721551
cer;79406;Montgat-Nord;41.468786;2.28669661
cer;79407;El Masnou;41.4770363;2.3103772
cer;79408;Ocata;41.4790211;2.31953267
cer;79409;Premià de Mar;41.4877522;2.35485608
cer;79410;Vilassar de Mar;41.5006285;2.38986104
cer;79412;Cabrera de Mar-Vilassar de Mar;41.5067718;2.40162431
cer;79500;Mataró;41.5333852;2.44553025
cer;79501;Sant Andreu de Llavaneres;41.5555467;2.49826463
cer;79502;Caldes d'Estrac;41.5686082;2.52598143
cer;79600;Arenys de Mar;41.577699;2.54933744
cer;79601;Canet de Mar;41.5866691;2.58128887
cer;79602;Sant Pol de Mar;41.6017549;2.62459756
cer;79603;Calella;41.6146911;2.66599517
cer;79604;Pineda de Mar;41.6224449;2.69355042
cer;79605;Malgrat de Mar;41.641602;2.74127903
cer;79606;Blanes;41.6736157;2.7692697
cer;79607;Tordera;41.7071687;2.71957063
cer;79608;Santa Susanna;41.6300971;2.7159698
cer;80003;Etxarri-Aranatz;42.911138;-2.071245
cer;80005;Uharte-Arakil;42.920606;-1.974814
cer;80100;Pamplona/Iruña;42.824877;-1.661419
cer;80108;Tafalla;42.525756;-1.671467
cer;80109;Olite-Erriberri;42.484989;-1.649964
cer;80114;Marcilla de Navarra;42.334851;-1.717418
cer;80115;Villafranca de Navarra;42.280734;-1.745716
cer;81100;Logroño;42.457459;-2.442193
cer;81102;Agoncillo;42.443585;-2.291701
cer;81105;Alcanadre;42.407437;-2.122094
cer;81106;Féculas-Navarra;42.411148;-2.098196
cer;81108;Calahorra;42.310458;-1.957755
cer;81109;Rincón de Soto;42.230011;-1.847473
cer;81110;Alfaro;42.186525;-1.747985
cer;81200;Castejón de Ebro;42.172719;-1.692114
cer;81202;Tudela de Navarra;42.059434;-1.597931
cer;81203;Ribaforada;41.997038;-1.515097
cer;81205;Cortes de Navarra;41.915076;-1.420439
cer;81206;Gallur;41.867164;-1.321342
cer;81207;Luceni;41.826116;-1.243536
cer;81208;Pedrola;41.805198;-1.201673
cer;81209;Cabañas de Ebro;41.788065;-1.167533
cer;81210;Alagón;41.771422;-1.112771
cer;97100;Pitis;40.4954173;-3.7261603
cer;97200;Mirasierra-Paco de Lucía;40.499759;-3.7092505
cer;97201;Madrid-Ramón y Cajal;40.4881473;-3.6948037
cer;98003;Fuente de la Mora;40.48472;-3.6630608
cer;98304;Valdebebas;40.4821016;-3.6162874
cer;98305;Madrid-Aeropuerto T4;40.4924023;-3.5932297
ld;17000;Madrid-Chamartín-Clara Campoamor;40.4711789;-3.6829524
ld;37606;Badajoz;38.890696;-6.981753
ld;37603;Montijo;38.913539;-6.598577
ld;37500;Mérida;38.921503;-6.343794
ld;35400;Cáceres;39.461131;-6.385679
ld;30000;Monfragüe;39.937464;-6.10091
ld;35206;Navalmoral de la Mata;39.894913;-5.545607
ld;35203;Oropesa de Toledo;39.921746;-5.186137
ld;35200;Talavera de la Reina;39.970674;-4.826512
ld;35105;Torrijos;39.979003;-4.283037
ld;18000;Madrid-Atocha Cercanías;40.4066191;-3.6894391
ld;35001;Leganés;40.328643;-3.7713161
ld;30002;Plasencia;40.022282;-6.099397
ld;11200;Miranda de Ebro;42.691024;-2.940366
ld;13200;Bilbao-Intermod. Abando Indalecio Prieto;43.2601304;-2.9285592
ld;13106;Llodio;43.1423514;-2.9606511
ld;11511;San Sebastián-Donostia;43.3176961;-1.9767172
ld;11208;Vitoria-Gasteiz;42.841517;-2.672601
ld;11300;Altsasu;42.894847;-2.181237
ld;11400;Zumarraga;43.0870824;-2.3202298
ld;22308;Vigo-Guixar;42.2392656;-8.7146089
ld;94346;Porto Campanha - O Porto Campaña;41.1489;-8.58544
ld;94021;Nine;41.45534;-8.54513
ld;96122;Barcelos;41.53673;-8.60907
ld;94033;Viana do Castelo;41.69517;-8.83134
ld;22402;Valença do Minho;42.024734;-8.639745
ld;71801;Barcelona-Sants;41.3798632;2.14101688
ld;04104;Camp de Tarragona;41.192066;1.272666
ld;78400;Lleida-Pirineus;41.62013;0.63365328
ld;04040;Zaragoza Delicias;41.6586576;-0.9112693
ld;81202;Tudela de Navarra;42.059434;-1.597931
ld;81200;Castejón de Ebro;42.172719;-1.692114
ld;81108;Calahorra;42.310458;-1.957755
ld;81100;Logroño;42.457459;-2.442193
ld;81002;Haro;42.583635;-2.849396
ld;65000;València-Estació del Nord;39.4669305;-0.3772239
ld;65402;L'Aldea-Amposta-Tortosa;40.753564;0.61430923
ld;65312;Vinaròs;40.471682;0.455727
ld;65311;Benicarló-Peñíscola;40.427639;0.415217
ld;65300;Castelló de la Plana;39.9884736;-0.0523456
ld;80100;Pamplona/Iruña;42.824877;-1.661419
ld;80108;Tafalla;42.525756;-1.671467
ld;20309;Lugo;43.015222;-7.552176
ld;22100;Ourense;42.350389;-7.872777
ld;20300;Monforte de Lemos;42.529682;-7.503589
ld;20305;Sarria;42.784049;-7.418822
ld;60000;Madrid-Puerta de Atocha-Almudena Grandes;40.406442;-3.690886
ld;04007;Guadalajara-Yebes;40.587315;-3.124301
ld;70600;Calatayud;41.346692;-1.63868
ld;08223;Vigo Urzaiz;42.234189;-8.713728
ld;11014;Burgos-Rosa Manzano;42.371197;-3.666308
ld;14100;Palencia;42.015711;-4.534135
ld;15100;León;42.596048;-5.582428
ld;20100;Astorga;42.459489;-6.047212
ld;20111;Bembibre;42.609558;-6.422048
ld;20200;Ponferrada;42.545429;-6.602376
ld;20211;O Barco de Valdeorras;42.418301;-6.98503
ld;20213;A Rúa-Petín;42.39276;-7.113284
ld;20216;San Clodio-Quiroga;42.465271;-7.287198
ld;31400;Santiago de Compostela-Daniel Castelao;42.870842;-8.544697
ld;23008;Vilagarcía de Arousa;42.602189;-8.762523
ld;23004;Pontevedra;42.421969;-8.635546
ld;30100;Salamanca;40.972235;-5.64899
ld;10600;Valladolid-Campo Grande;41.642167;-4.726986
ld;10500;Medina del Campo;41.317617;-4.909923
ld;32002;El Carpio;41.215464;-5.114466
ld;32003;Fresno el Viejo;41.191351;-5.138061
ld;32004;Cantalapiedra;41.133585;-5.182961
ld;10501;Pozaldez;41.36792;-4.836001
ld;10502;Matapozuelos;41.422794;-4.801025
ld;10503;Valdestillas;41.488729;-4.772937
ld;10504;Viana;41.52407;-4.754489
ld;50500;Córdoba-Julio Anguita;37.888291;-4.789453
ld;65422;Cambrils;41.0815642;1.04603752
ld;64100;Xàtiva;38.992148;-0.5245402
ld;60600;Albacete-Los Llanos;38.999384;-1.84845
ld;60500;Villarrobledo;39.260868;-2.598621
ld;60406;Socuéllamos;39.278776;-2.775571
ld;60400;Alcázar de San Juan;39.395628;-3.205744
ld;50100;Manzanares;39.005837;-3.370507
ld;50102;Valdepeñas;38.762868;-3.39572
ld;50207;Vilches;38.215742;-3.517576
ld;50300;Linares-Baeza;38.068864;-3.589396
ld;81110;Alfaro;42.186525;-1.747985
ld;81109;Rincón de Soto;42.230011;-1.847473
ld;60911;Alicante/Alacant-Terminal;38.3447127;-0.4955241
ld;04307;Figueres-Vilafant;42.264771;2.943547
ld;79300;Girona;41.9793629;2.81693689
ld;65200;Sagunt;39.6758025;-0.271542
ld;65304;Orpesa;40.092258;0.139861
ld;71500;Tarragona;41.1115636;1.25322776
ld;60905;Elda-Petrer;38.484879;-0.80109
ld;60902;Villena;38.631738;-0.867689
ld;65318;Benicàssim;40.0579451;0.0577646
ld;61307;Cartagena;37.604967;-0.975122
ld;62103;Elche/Elx-Parc;38.2717809;-0.6952193
ld;62002;Orihuela-Miguel Hernández;38.0779321;-0.944606
ld;61304;Torre-Pacheco;37.746905;-0.967078
ld;61303;Balsicas-Mar Menor;37.81884;-0.950891
ld;61200;Murcia del Carmen;37.9748243;-1.131508
ld;06006;Lorca-Sutullena;37.6721129;-1.6962305
ld;06002;Alhama de Murcia;37.8494024;-1.4145141
ld;06003;Totana;37.7635424;-1.4956153
ld;51003;Sevilla-Santa Justa;37.3924955;-5.9749269
ld;37200;Ciudad Real;38.9853;-3.913633
ld;37300;Puertollano;38.69128;-4.111655
ld;54413;Málaga María Zambrano;36.7113388;-4.4313888
ld;37704;Villanueva de Córdoba;38.2554049;-4.570952
ld;02002;Puente Genil-Herrera;37.3579;-4.821638
ld;02003;Antequera-Santa Ana;37.069881;-4.719014
ld;05000;Granada;37.184038;-3.609154
ld;02030;Antequera AV;37.0334437;-4.5612901
ld;05012;Loja;37.175372;-4.134841
ld;51405;Cádiz;36.528935;-6.2879716
ld;51406;San Fernando-Bahía Sur;36.4680834;-6.2067676
ld;51400;Puerto de Santa María;36.6040723;-6.2179261
ld;51300;Jerez de la Frontera;36.680022;-6.1266032
ld;56312;Almería;36.834951;-2.455519
ld;56200;Guadix;37.316873;-3.127209
ld;56310;Huercal-Viator;36.885155;-2.436718
ld;43019;Huelva;37.2525922;-6.9448154
ld;43011;La Palma del Condado;37.390665;-6.554444
ld;74200;Huesca;42.133594;-0.409745
ld;78200;Tardienta;41.975716;-0.538223
ld;03216;València-Joaquín Sorolla;39.459051;-0.382923
ld;03208;Cuenca-Fernando Zóbel;40.035192;-2.14441
ld;11500;Tolosa;43.1354472;-2.0790886
ld;15410;Gijón-Sanz Crespo;43.5377329;-5.6758089
ld;15211;Oviedo;43.3663577;-5.854838
ld;15122;Pola de Lena;43.15872;-5.8310263
ld;14223;Santander;43.4583981;-3.8109529
ld;03309;Villena Alta Velocidad;38.585302;-0.873295
ld;08004;Segovia-Guiomar;40.910577;-4.094564
ld;14114;Aguilar de Campoo;42.785362;-4.233899
ld;14213;Torrelavega;43.3276776;-4.0426871
ld;14202;Reinosa;42.9944991;-4.1409454
ld;15203;Mieres-Puente;43.2500266;-5.7822622
ld;11600;Irun;43.3395365;-1.8012519
ld;20005;Veguellina;42.4335;-5.88756
ld;20104;Brañuelas;42.632631;-6.201002
ld;16403;Avilés;43.561339;-5.9228329
ld;08240;Medina del Campo AV;41.317459;-4.910071
ld;30200;Zamora;41.515892;-5.739675
ld;08247;Sanabria AV;42.0450532;-6.5631319
ld;08251;A Gudiña-Porta de Galicia;42.0635401;-7.1355604
ld;31412;A Coruña;43.3496932;-8.4155629
ld;20113;San Miguel de las Dueñas;42.586392;-6.523776
ld;20109;Torre del Bierzo;42.595578;-6.329083
ld;20102;Vega-Magaz;42.55376;-6.068267
ld;03213;Requena-Utiel;39.519834;-1.127601
ld;03410;Elche/Elx AV;38.24551;-0.76675
ld;92102;Toledo;39.862272;-4.011244
ld;03412;Callosa de Segura-Cox;38.1227708;-0.8745727
ld;62001;Beniel;38.0448608;-0.9994759
ld;99159;Santiago-Turístico;42.870842;-8.544697
ld;31416;Cerceda-Meirama;43.2078791;-8.4467723
ld;23021;Padrón Barbanza;42.738967;-8.652614
ld;08224;Redondela AV;42.284509;-8.603573
ld;23002;Arcade;42.340549;-8.611178
ld;99161;Pontevedra-Turístico;42.421969;-8.635546
ld;99143;A Coruña-Turístico;43.352761;-8.409755
ld;55020;Algeciras;36.126831;-5.451108
ld;55007;Ronda;36.748401;-5.16197
ld;55018;San Roque-La Línea;36.214482;-5.432399
ld;99117;Ourense Turístico;42.350389;-7.872777
ld;87089;Marseille St Charles;43.30349;5.382236
ld;87912;Aix en Provence TGV;43.455268;5.31723
ld;87814;Avignon TGV;43.921938;4.785813
ld;87302;Nimes;43.832291;4.365845
ld;87173;Montpellier Saint-Roch;43.604852;3.880491
ld;87088;Narbonne;43.190253;3.005716
ld;87374;Perpignan;42.696421;2.880381
ld;87303;Lyon Part Dieu;45.760281;4.859801
ld;87810;Valence TGV;44.991545;4.978703
ld;54403;El Chorro-Caminito del Rey;36.907335;-4.759258
ld;54404;Las Mellizas;36.873306;-4.719433
ld;61015;Archena-Fortuna;38.13132;-1.236037
ld;61012;Cieza;38.246609;-1.421702
ld;61005;Hellín;38.508776;-1.688437
ld;10610;Valladolid Universidad;41.660257;-4.704037
ld;10602;Cabezón del Pisuerga;41.737276;-4.651294
ld;10603;Corcos-Aguilarejo;41.766446;-4.623485
ld;10604;Cubillas de Santa Marta;41.808861;-4.579754
ld;10605;Dueñas;41.87048;-4.541216
ld;11000;Venta de Baños;41.91736;-4.495844
ld;15001;Grijota;42.049225;-4.583954
ld;15003;Becerril;42.104706;-4.64712
ld;15004;Paredes de Nava;42.150694;-4.697599
ld;15007;Villada;42.245238;-4.970589
ld;15008;Grajal;42.323246;-5.013381
ld;15009;Sahagún;42.369329;-5.022667
ld;15012;El Burgo Ranero;42.425753;-5.208592
ld;15015;Palanquinos;42.460716;-5.497584
ld;15106;La Robla;42.804454;-5.626255
ld;15108;La Pola de Gordón;42.854099;-5.674524
ld;15109;Santa Lucía;42.87515;-5.639613
ld;15112;Villamanín;42.93671;-5.657637
ld;15113;Busdongo;42.984495;-5.705391
ld;15116;Linares-Congostinas;43.101743;-5.772162
ld;15118;Puente de los Fierros;43.0715986;-5.769465
ld;15120;Campomanes;43.1100681;-5.8164466
ld;15200;Ujo;43.2046962;-5.7926422
ld;15218;Llamaquique;43.3588282;-5.8573201
ld;15401;Calzada de Asturias;43.5353848;-5.6971507
ld;22300;Redondela;42.286005;-8.619402
ld;23000;Redondela-Picota;42.286866;-8.607118
ld;23009;Catoira;42.672166;-8.725291
ld;23010;Pontecesures;42.722985;-8.65213
ld;23011;Padrón;42.738967;-8.652614
ld;31415;Ordes;43.037544;-8.448447
ld;31411;Uxes;43.297374;-8.444404
ld;23005;Portela;42.517801;-8.654609
ld;23013;Osebe;42.825298;-8.61584
ld;23018;Pontevedra Universidad;42.4387499;-8.6304812
ld;23001;Cesantes;42.310258;-8.616541
ld;20002;Quintana-Raneros;42.550085;-5.637789
ld;20008;Villavante;42.46458;-5.838914
ld;20006;Barrientos;42.414301;-5.963988
ld;20007;Nistal;42.424462;-6.00803
ld;20103;Porqueros;42.598935;-6.108238
ld;20106;La Granja;42.614874;-6.282495
ld;22201;O Porriño;42.16419;-8.62202
ld;22200;Guillarei;42.065663;-8.62253
ld;22110;Caldelas;42.055813;-8.566343
ld;22109;Salvaterra;42.08164;-8.495141
ld;22108;As Neves;42.075462;-8.420074
ld;22106;Arbo;42.107058;-8.300247
ld;22104;Frieira;42.154882;-8.201036
ld;22103;Filgueira;42.219917;-8.184788
ld;22102;Ribadavia;42.2931;-8.139261
ld;22101;Barbantes;42.338376;-8.011721
ld;20212;Vilamartín de Valdeorras;42.411829;-7.061185
ld;20210;Sobradelo;42.414859;-6.911951
ld;20208;Quereño;42.420704;-6.829486
ld;20207;Covas;42.475326;-6.830878
ld;20204;Toral de los Vados;42.541052;-6.776703
ld;20203;Villadepalos;42.53686;-6.751109
ld;20214;Montefurado;42.39402;-7.1984
ld;20218;A Pobra Do Brollón;42.533682;-7.400088
ld;22001;Canaval;42.482882;-7.587733
ld;22002;Areas;42.457799;-7.62879
ld;22003;Santo Estevo Do Sil;42.426921;-7.661676
ld;22004;San Pedro Do Sil;42.441353;-7.70412
ld;22005;Os Peares;42.451439;-7.735523
ld;22006;Barra de Miño;42.401095;-7.802567
ld;22105;Pousa-Crecente;42.136705;-8.234889
ld;22107;Sela;42.092092;-8.355998
ld;20410;Elviña-Universidade;43.335222;-8.413061
ld;20404;O Burgo-Santiago;43.317841;-8.36875
ld;20403;Cambre;43.290502;-8.352104
ld;20402;Cecebre;43.287913;-8.307767
ld;20400;Betanzos-Infesta;43.270698;-8.225847
ld;20320;Oza Dos Ríos;43.21877;-8.187111
ld;20319;Cesuras;43.173073;-8.2005
ld;20318;Piñoi;43.127922;-8.163498
ld;20317;Curtis;43.127232;-8.143155
ld;20316;Teixeiro;43.141411;-8.03769
ld;20314;Guitiriz;43.179058;-7.895039
ld;20313;Parga;43.163644;-7.837383
ld;20312;Baamonde;43.173405;-7.756128
ld;20310;Rábade;43.121378;-7.624835
ld;20306;Pedrelo-Céltigos;42.832934;-7.393329
ld;21010;Ferrol;43.4880467;-8.2310664
ld;21008;Perlío;43.472309;-8.174837
ld;21005;Cabanas;43.415585;-8.168828
ld;21004;Pontedeume;43.411797;-8.180416
ld;21003;Perbes;43.378197;-8.201106
ld;21002;Miño;43.349431;-8.207313
ld;21001;Betanzos-Cidade;43.284137;-8.215874
ld;21007;Barallobre;43.462899;-8.188586
ld;21009;Neda;43.495351;-8.160967
ld;31308;Lalín;42.63253;-8.142715
ld;31306;O Irixo;42.519719;-8.105174
ld;31304;O Carballiño;42.43134;-8.068874
ld;31303;A Friela-Maside;42.411401;-8.028967
ld;51401;Puerto Real;36.5309155;-6.1853143
ld;51205;Aeropuerto de Jerez;36.7515886;-6.0659384
ld;51203;Lebrija;36.9116378;-6.0948487
ld;51200;Utrera;37.1848178;-5.7907537
ld;51103;Dos Hermanas;37.2872259;-5.9235322
ld;51100;San Bernardo;37.3777778;-5.9796142
ld;51110;Virgen del Rocío;37.3628091;-5.9760105
ld;03100;Jaén;37.779827;-3.790798
ld;50504;Posadas;37.803986;-5.106325
ld;50506;Palma del Río;37.718081;-5.29276
ld;50507;Peñaflor;37.707502;-5.341609
ld;50600;Lora del Río;37.6613212;-5.5295514
ld;51202;Las Cabezas de San Juan;37.0194897;-5.94658
ld;51409;Cádiz-Estadio;36.5029461;-6.2720644
ld;51404;Segunda Aguada;36.5135317;-6.2770128
ld;43021;San Juan del Puerto;37.311898;-6.841076
ld;43015;Niebla-Puerta del Buey;37.3587619;-6.6812578
ld;43009;Escacena;37.397812;-6.39198
ld;43008;Carrión de los Céspedes;37.368955;-6.335088
ld;43005;Benacazón;37.3568512;-6.2082011
ld;43012;Villarrasa;37.386999;-6.598819
ld;01007;Osuna;37.233899;-5.115026
ld;51111;Bellavista;37.3215188;-5.9641924
ld;01003;Arahal;37.268081;-5.548514
ld;01005;Marchena;37.334282;-5.425519
ld;42008;Jabugo-Galaroza;37.928243;-6.773908
ld;42020;Gibraleón;37.36852;-6.96207
ld;42019;Belmonte;37.461864;-6.947533
ld;42018;El Cobujón;37.516509;-6.953428
ld;42016;Los Milanos;37.586219;-6.919938
ld;42015;Calañas;37.652007;-6.875841
ld;42013;El Tamujoso;37.720339;-6.900554
ld;42012;Valdelamusa;37.787111;-6.873729
ld;42009;Almonaster-Cortegana;37.901174;-6.797372
ld;40100;Zafra;38.413635;-6.405083
ld;42006;Cumbres Mayores;38.053126;-6.631553
ld;42005;Fregenal de la Sierra;38.167613;-6.637909
ld;50413;Alcolea de Córdoba;37.922326;-4.694751
ld;50417;Campus Universitario de Rabanales;37.91256;-4.72086
ld;50501;El Higuerón;37.870271;-4.838942
ld;50502;Villarrubia de Córdoba;37.847574;-4.915339
ld;50407;Villa del Río;37.981331;-4.283788
ld;50403;Andújar;38.028225;-4.066036
ld;50400;Espelúy;38.010247;-3.832726
ld;54405;Álora;36.8198747;-4.6996105
ld;54400;Bobadilla;37.037073;-4.727942
ld;01009;Pedrera;37.222396;-4.893519
ld;56308;Gádor;36.951624;-2.487658
ld;56305;Gérgal;37.108847;-2.591556
ld;56301;Fiñana;37.184647;-2.839757
ld;56103;Benalúa de Guadix;37.345277;-3.163177
ld;57003;Iznalloz;37.395852;-3.527947
ld;60914;Universidad de Alicante;38.384165;-0.528411
ld;60913;Sant Vicent Centre;38.3946533;-0.5287247
ld;65400;Tortosa;40.807333;0.5230136
ld;65003;València-Cabanyal;39.4702456;-0.3346772
ld;65208;Vila-Real;39.9330935;-0.0967681
ld;65306;Torreblanca;40.212211;0.198779
ld;65308;Alcalá de Chivert;40.30469;0.228717
ld;65314;Ulldecona-Alcanar-La Sénia;40.5959267;0.44927448
ld;65206;Nules la Villavella;39.8532354;-0.1527317
ld;62003;Callosa de Segura;38.1227686;-0.8745747
ld;62100;San Isidro-Albatera-Catral;38.1670209;-0.8380854
ld;62101;Crevillente;38.2245622;-0.7815283
ld;62102;Elche/Elx-Carrús;38.2689783;-0.7063992
ld;62104;Torrellano;38.2896365;-0.5824572
ld;62109;Sant Gabriel;38.3290647;-0.5086866
ld;60907;Novelda-Aspe;38.407086;-0.777744
ld;60904;Sax;38.544251;-0.813729
ld;60900;La Encina;38.765344;-0.954244
ld;60800;Almansa;38.867822;-1.105446
ld;64200;Silla;39.3619548;-0.4149813
ld;69011;Alcoi;38.709349;-0.470247
ld;64203;Alfafar-Benetússer;39.4224232;-0.392605
ld;64202;Massanassa;39.4091934;-0.3953073
ld;64201;Catarroja;39.4000447;-0.3992195
ld;64107;Benifaió;39.2843027;-0.4299537
ld;64105;Algemesí;39.1931484;-0.4409196
ld;64104;Alzira;39.1531495;-0.4506011
ld;64103;Carcaixent;39.1205251;-0.4544102
ld;64102;La Pobla Llarga;39.0833385;-0.4696592
ld;64007;Lenova-Manuel;39.0500727;-0.4776036
ld;69002;Benigànim;38.938499;-0.453424
ld;69006;Albaida;38.845645;-0.518129
ld;69008;Ontinyent;38.809692;-0.602457
ld;65002;València-La Font de Sant Lluís;39.4416052;-0.371422
ld;65008;Puçol;39.6205367;-0.3031085
ld;65005;Albuixech;39.5435233;-0.3205526
ld;65007;El Puig;39.588302;-0.3116645
ld;65202;Almenara;39.7487737;-0.2183811
ld;65204;Chilches/Xilxes;39.7826726;-0.1903295
ld;65207;Burriana-Alquerías Niño Perdido;39.8965088;-0.1038601
ld;65209;Almassora;39.9549079;-0.0767713
ld;65001;Roca-Cúper;39.5262094;-0.3238405
ld;65006;Massalfassar;39.5557532;-0.3183058
ld;65201;Les Valls;39.7193457;-0.2397602
ld;65203;La Llosa;39.7678109;-0.2029444
ld;65205;Moncofa;39.8208891;-0.1626965
ld;71400;Reus;41.1605229;1.10008978
ld;79400;Barcelona Estació de França;41.3844866;2.18534785
ld;71802;Barcelona-Passeig de Gràcia;41.3920862;2.16533862
ld;71700;Vilanova i la Geltrú;41.2203207;1.73077249
ld;71600;Sant Vicenç de Calders;41.1862102;1.52480358
ld;71503;Torredembarra;41.1427923;1.40578377
ld;71502;Altafulla-Tamarit;41.1366479;1.37341488
ld;71401;Vila-seca;41.1128193;1.15037877
ld;71210;Flix;41.2293651;0.54010012
ld;71211;Ascó;41.1823727;0.56902524
ld;71300;Móra la Nova;41.1065823;0.65321819
ld;71302;Capçanes;41.1020902;0.78036099
ld;71303;Marçà-Falset;41.1309421;0.81041774
ld;71304;Pradell;41.1333595;0.85865032
ld;71305;Duesaigües-L'Argentera;41.1436928;0.92087096
ld;71306;Riudecanyes-Botarell;41.1400577;0.97574775
ld;71307;Les Borges del Camp;41.1665064;1.0221323
ld;71204;Caspe;41.239738;-0.042701
ld;71209;Riba-roja d'Ebre;41.2485594;0.48103178
ld;71208;Faió-La Pobla de Massaluca;41.2250555;0.35110259
ld;71207;Nonaspe;41.213788;0.242472
ld;71206;Fabara;41.234405;0.143284
ld;72101;Roda de Mar;41.1864204;1.45520767
ld;76004;Valls;41.2896079;1.25865179
ld;73100;La Plana-Picamoixons;41.3061987;1.19488293
ld;73008;Montblanc;41.3766254;1.16554869
ld;73007;L'Espluga de Francolí;41.4006616;1.10336094
ld;73006;Vimbodí i Poblet;41.4027277;1.04603327
ld;73005;Vinaixa;41.425141;0.9703737
ld;73003;Les Borges Blanques;41.5213973;0.87791022
ld;73002;Juneda;41.5439328;0.82554185
ld;73001;Puigverd de Lleida-Artesa de Lleida;41.5537015;0.73342706
ld;76003;Nulles-Bràfim;41.2503192;1.29750259
ld;76001;Salomó;41.2234416;1.37662504
ld;76002;Vilabella;41.2395473;1.31749155
ld;73010;La Riba;41.3184926;1.1813126
ld;73009;Vilaverd;41.3376633;1.17653235
ld;73004;La Floresta;41.5042013;0.924432
ld;73102;La Selva del Camp;41.2111544;1.14396003
ld;73101;Alcover;41.2616066;1.17416002
ld;65411;Salou-Port Aventura;41.0884798;1.14605195
ld;71205;Val de Pilas;41.230056;0.070145
ld;71201;Samper;41.182183;-0.368761
ld;71200;La Puebla de Híjar;41.2244;-0.438595
ld;71108;La Zaida-Sástago;41.320542;-0.427115
ld;71105;Quinto;41.419528;-0.490673
ld;71103;Fuentes de Ebro;41.515065;-0.618625
ld;70806;Zaragoza-Portillo;41.6527361;-0.8958759
ld;70807;Zaragoza-Goya;41.6438779;-0.8912574
ld;71100;Zaragoza-Miraflores;41.6334311;-0.8681653
ld;78302;Binéfar;41.849768;0.291478
ld;78301;Monzón-Río Cinca;41.913679;0.196939
ld;78203;Sariñena;41.817529;-0.17076
ld;78201;Grañén;41.938033;-0.369329
ld;78005;Villanueva de Gállego;41.76551;-0.822204
ld;78500;Cervera;41.673611;1.274773
ld;78402;Bell-lloc d'Urgell;41.631619;0.781547
ld;78403;Mollerussa;41.631779;0.896775
ld;78404;Golmés;41.635929;0.930863
ld;78405;Castellnou de Seana;41.637464;0.967736
ld;78406;Bellpuig;41.632545;1.012993
ld;78407;Anglesola;41.646448;1.079192
ld;78408;Tàrrega;41.650387;1.138963
ld;78700;Terrassa Estació del Nord;41.5697825;2.01435428
ld;78604;Sant Vicenç de Castellet;41.6688309;1.86264304
ld;78600;Manresa;41.7203921;1.82648564
ld;78506;Rajadell;41.733159;1.696275
ld;78505;Aguilar de Segarra;41.738917;1.62372
ld;78504;Seguers-Sant Pere Sallavinera;41.747991;1.574167
ld;78503;Calaf;41.730334;1.515097
ld;78502;Sant Martí Sesgueioles;41.701217;1.486204
ld;78501;Sant Guim de Freixenet;41.655924;1.42053
ld;74217;Canfranc;42.751471;-0.514641
ld;74216;Villanúa;42.688745;-0.52346
ld;74214;Castiello-Pueblo;42.62811;-0.546291
ld;74213;Jaca;42.578303;-0.539231
ld;74211;Sabiñánigo;42.520446;-0.373085
ld;74209;Caldearenas-Aquilué;42.397973;-0.499309
ld;74208;Anzánigo;42.403289;-0.643344
ld;74207;Santa María y la Peña;42.38039;-0.695647
ld;74206;Riglos;42.344756;-0.731599
ld;74204;Ayerbe;42.27561;-0.682569
ld;79203;Caldes de Malavella;41.84111;2.80076692
ld;79202;Sils;41.8075996;2.74500729
ld;79200;Maçanet-Massanes;41.7724212;2.67385865
ld;79104;Sant Celoni;41.6857928;2.49072799
ld;79009;Barcelona El Clot;41.4092979;2.18719759
ld;79309;Figueres;42.2651134;2.96880074
ld;79303;Flaçà;42.047477;2.95740315
ld;79315;Portbou;42.4245908;3.15801841
ld;79312;Llançà;42.3666194;3.1489746
ld;79314;Colera;42.4068837;3.15434316
ld;79311;Vilajuïga;42.3256691;3.08754626
ld;79308;Vilamalla;42.216362;2.97776423
ld;79306;Sant Miquel de Fluvià;42.1721019;2.98959828
ld;79305;Camallera;42.1223297;2.96536522
ld;79304;Sant Jordi Desvalls;42.0683023;2.96447664
ld;79302;Bordils-Juià;42.0370568;2.91529561
ld;79301;Celrà;42.0271984;2.87490587
ld;79205;Fornells de la Selva;41.935043;2.80978324
ld;79204;Riudellots;41.896297;2.81157037
ld;79107;Hostalric;41.747788;2.63165011
ld;79106;Riells i Viabrea-Breda;41.7263582;2.56889584
ld;79105;Gualba;41.7181901;2.53878373
ld;79100;Granollers Centre;41.5997447;2.29126962
ld;79004;Barcelona Sant Andreu;41.4361251;2.19319866
ld;79316;Cerbère;42.441664;3.16314935
ld;11203;Manzanos;42.742899;-2.867501
ld;11204;La Puebla de Arganzón;42.765245;-2.830385
ld;11205;Nanclares-Langraiz;42.816216;-2.804942
ld;11210;Alegría-Dulantzi;42.848723;-2.514668
ld;11212;Agurain-Salvatierra de Álava;42.84643;-2.38921
ld;11213;Araia;42.869599;-2.306807
ld;11305;Brinkola;43.0189865;-2.3346811
ld;11306;Legazpi;43.0510385;-2.3306103
ld;11402;Ormáiztegui;43.0402752;-2.256462
ld;11404;Beasain;43.0462687;-2.2022994
ld;11405;Ordizia;43.0527547;-2.1791923
ld;11501;Tolosa-Centro;43.1393963;-2.0741122
ld;11503;Billabona-Zizurkil;43.1891906;-2.0553722
ld;11504;Andoain-Centro;43.2155738;-2.0204595
ld;11516;Lezo-Rentería;43.3159364;-1.8994386
ld;11515;Pasaia;43.3189428;-1.9171727
ld;81205;Cortes de Navarra;41.915076;-1.420439
ld;81203;Ribaforada;41.997038;-1.515097
ld;80115;Villafranca de Navarra;42.280734;-1.745716
ld;80114;Marcilla de Navarra;42.334851;-1.717418
ld;80109;Olite-Erriberri;42.484989;-1.649964
ld;80005;Uharte-Arakil;42.920606;-1.974814
ld;80003;Etxarri-Aranatz;42.911138;-2.071245
ld;80001;Altsasu-Pueblo;42.893283;-2.167429
ld;11109;Briviesca;42.542765;-3.319287
ld;11111;Pancorbo;42.630486;-3.112307
ld;70801;Utebo;41.7108644;-0.9985828
ld;70800;Casetas;41.7226479;-1.0201916
ld;81210;Alagón;41.771422;-1.112771
ld;81209;Cabañas de Ebro;41.788065;-1.167533
ld;81208;Pedrola;41.805198;-1.201673
ld;81207;Luceni;41.826116;-1.243536
ld;81206;Gallur;41.867164;-1.321342
ld;81105;Alcanadre;42.407437;-2.122094
ld;81102;Agoncillo;42.443585;-2.291701
ld;60301;Quero;39.504173;-3.266072
ld;60300;Villacañas;39.622698;-3.33051
ld;60203;Villasequilla;39.879535;-3.728453
ld;60202;Castillejo-Añover;39.949634;-3.738774
ld;60200;Aranjuez;40.0350257;-3.6182534
ld;35207;Casatejada;39.891909;-5.677732
ld;35005;Illescas;40.12088;-3.842262
ld;35002;Fuenlabrada;40.2833784;-3.7994429
ld;35303;Cañaveral;39.789124;-6.375031
ld;35302;Casas de Millán;39.811866;-6.326045
ld;35301;Mirabel;39.866229;-6.228969
ld;35406;Valencia de Alcántara;39.426928;-7.230688
ld;35405;San Vicente de Alcántara;39.381561;-7.117075
ld;35402;Arroyo de Malpartida;39.468078;-6.533634
ld;50002;Cinco Casas;39.169282;-3.232663
ld;94002;Daimiel;39.061553;-3.604213
ld;94004;Almagro;38.895323;-3.709777
ld;10400;Ávila;40.657255;-4.683312
ld;18002;Madrid-Nuevos Ministerios;40.4466271;-3.6923468
ld;18001;Madrid-Recoletos;40.4233731;-3.690931
ld;10000;Madrid-Príncipe Pío;40.4214895;-3.7189689
ld;10001;Aravaca;40.4484551;-3.7855547
ld;10002;Pozuelo;40.4474569;-3.8002779
ld;10005;Las Rozas;40.4942887;-3.8681747
ld;10100;Pinar de las Rozas;40.5222672;-3.8822477
ld;10200;Villalba de Guadarrama;40.6264893;-4.0080301
ld;10201;San Yago;40.6178953;-4.0310749
ld;10202;Las Zorreras-Navalquejigo;40.6093116;-4.0463626
ld;10203;El Escorial;40.5853675;-4.1324053
ld;10204;Zarzalejo;40.5389272;-4.1580662
ld;10205;Robledo de Chavela;40.5208244;-4.2467592
ld;10206;Santa María de la Alameda-Peguerinos;40.569001;-4.2691255
ld;10209;El Pimpollar;40.567587;-4.283541
ld;10207;Las Navas del Marqués;40.589205;-4.362259
ld;10208;Navalperal;40.591152;-4.408382
ld;10300;Herradón-La Cañada;40.599275;-4.495039
ld;97201;Madrid-Ramón y Cajal;40.4881473;-3.6948037
ld;97200;Mirasierra-Paco de Lucía;40.499759;-3.7092505
ld;97100;Pitis;40.4954173;-3.7261603
ld;10101;Las Matas;40.5523869;-3.8967664
ld;10103;Torrelodones;40.574554;-3.9566013
ld;10104;Galapagar-La Navata;40.6003138;-3.982259
ld;12100;Segovia;40.93403;-4.11365
ld;12001;Los Negrales;40.638567;-4.0218746
ld;12002;Alpedrete;40.6581044;-4.0349719
ld;12004;Collado Mediano;40.6928982;-4.0359271
ld;12005;Los Molinos-Guadarrama;40.7066407;-4.0671991
ld;12006;Cercedilla;40.7376129;-4.0662985
ld;12007;Tablada;40.705648;-4.12531
ld;12008;Gudillos;40.716914;-4.157681
ld;12009;San Rafael;40.714944;-4.18143
ld;12010;El Espinar;40.740852;-4.189482
ld;12011;Los Ángeles de San Rafael;40.777909;-4.206933
ld;12012;Otero-Herreros;40.80097;-4.203504
ld;12013;Ortigosa del Monte;40.832771;-4.168094
ld;12014;Navas de Riofrío-La Losa;40.856673;-4.141103
ld;10302;Guimorcondo;40.649062;-4.614987
ld;35012;Humanes;40.2558101;-3.8287055
ld;10409;Arévalo;41.047123;-4.701988
ld;82100;Soria;41.754754;-2.476537
ld;84104;Quintana Redonda;41.639726;-2.609682
ld;84103;Tardelcuende;41.593525;-2.639337
ld;84101;Almazán-Villa;41.489019;-2.525375
ld;70400;Torralba;41.136617;-2.492952
ld;70302;Sigüenza;41.071417;-2.646407
ld;70209;Jadraque;40.930229;-2.935935
ld;70200;Guadalajara;40.6441928;-3.1822602
ld;70103;Alcalá de Henares;40.4890814;-3.3662457
ld;70207;Espinosa de Henares;40.909686;-3.073157
ld;70208;Carrascosa de Henares;40.90598;-3.014352
ld;70210;Matillas;40.953808;-2.84326
ld;70300;Baides;41.004864;-2.785635
ld;70101;San Fernando de Henares;40.4427805;-3.5339866
ld;70102;Torrejón de Ardoz;40.4547895;-3.47973
ld;70107;Alcalá de Henares-Universidad;40.5054303;-3.3353258
ld;70104;Meco;40.5346731;-3.2986806
ld;70105;Azuqueca;40.561077;-3.265397
ld;70002;Asamblea de Madrid-Entrevías;40.3818618;-3.6680454
ld;70003;El Pozo;40.3760377;-3.6561407
ld;70005;Vallecas;40.382364;-3.623042
ld;70109;Santa Eugenia;40.3869545;-3.6089855
ld;70100;Vicálvaro;40.4012524;-3.595897
ld;70108;Coslada;40.423237;-3.5611109
ld;70112;Soto del Henares;40.463964;-3.4414076
ld;70111;La Garena;40.4805448;-3.3930055
ld;35109;Montearagón;39.960996;-4.647093
ld;37406;Villanueva de la Serena;38.96886;-5.7965
ld;37407;Don Benito;38.96695;-5.862923
ld;37409;Valdetorres;38.913301;-6.069407
ld;37410;Guareña;38.896749;-6.128842
ld;37611;Garrovilla-Las Vegas;38.915763;-6.47408
ld;37608;Montijo-El Molino;38.913973;-6.618281
ld;37604;Guadiana;38.922099;-6.689998
ld;37311;Cabeza del Buey;38.72389;-5.227067
ld;37400;Almorchón;38.696631;-5.290496
ld;37402;Castuera;38.735021;-5.541637
ld;37404;Campanario;38.853395;-5.641415
ld;40002;Calamonte;38.886931;-6.382965
ld;40004;Almendralejo;38.684662;-6.399815
ld;40005;Villafranca de los Barros;38.564402;-6.352048
ld;40006;Los Santos de Maimona;38.449724;-6.361749
ld;40008;Zafra Feria;38.424403;-6.410084
ld;11004;Magaz;41.976561;-4.432114
ld;11006;Quintana del Puente;42.079974;-4.19858
ld;11009;Villaquirán;42.215717;-3.999396
ld;11507;Hernani-Erdia;43.2664779;-1.9726232
ld;60507;La Gineta;39.111665;-2.000155
ld;60505;La Roda de Albacete;39.199594;-2.162547
ld;60503;Minaya;39.240738;-2.348403
ld;60402;Campo de Criptana;39.394343;-3.117746
ld;50202;Almuradiel-Viso del Marqués;38.514267;-3.501935
ld;50200;Santa Cruz de Mudela;38.644428;-3.451493
ld;03001;Mengíbar-Artichuela;37.978219;-3.803308
ld;60207;El Romeral;39.694516;-3.430502
ld;60206;Tembleque;39.722958;-3.497354
ld;65420;L'Hospitalet de l'Infant;40.99939;0.91253887
ld;65405;L'Ametlla de Mar;40.8862;0.80045321
ld;65404;L'Ampolla-El Perelló-Deltebre;40.8119898;0.70826336
ld;65403;Camarles-Deltebre;40.7747633;0.67176095
ld;65401;Camp-redó;40.7591556;0.55584433
ld;81106;Féculas-Navarra;42.411148;-2.098196
ld;60901;Caudete;38.716163;-0.959727
ld;14101;Monzón de Campos;42.105538;-4.501677
ld;14117;El Carrión;42.1166417;-4.500692
ld;14102;Amusco;42.178019;-4.480743
ld;14103;Piña;42.211747;-4.434689
ld;14104;Frómista;42.2649;-4.402433
ld;14107;Osorno;42.415077;-4.357367
ld;14108;Espinosa de Villagonzalo;42.452373;-4.367811
ld;14111;Herrera de Pisuerga;42.598477;-4.316683
ld;14112;Alar del Rey;42.656837;-4.311372
ld;14113;Mave;42.723726;-4.27616
ld;14115;Quintanilla de las Torres;42.81903;-4.202753
ld;14200;Mataporquera;42.870901;-4.165406
ld;14206;Bárcena;43.1287054;-4.053473
ld;14210;Los Corrales de Buelna;43.2551009;-4.0639472
ld;14216;Renedo;43.3531069;-3.9496471
ld;14220;Maliaño;43.4161415;-3.8410762
ld;14230;Valdecilla;43.4540888;-3.8277628
ld;15006;Cisneros;42.19112;-4.850249
ld;15014;Santas Martas;42.460004;-5.386777
ld;30110;Salamanca-La Alamedilla;40.966763;-5.656366
ld;32009;Moriscos;41.011633;-5.584713
ld;32008;Gomecello;41.041859;-5.541551
ld;32007;Pitiegua;41.063741;-5.474174
ld;32006;El Pedroso de la Armuña;41.079901;-5.406019
ld;32001;Campillo;41.259509;-5.017791
ld;31200;Puebla de Sanabria;42.045763;-6.626848
ld;31002;Nava del Rey;41.334716;-5.076818
ld;31006;Toro;41.512201;-5.384953
ld;31104;Carbajales de Alba;41.681542;-5.971906
ld;31106;Ferreruela de Tábara;41.764106;-6.0739
ld;31107;Abejera;41.80942;-6.141851
ld;31108;Sarracín de Aliste;41.848497;-6.20513
ld;31109;Cabañas de Aliste;41.854595;-6.24635
ld;31112;Linarejos-Pedroso;41.946963;-6.484541
ld;37308;Guadalmez-Los Pedroches;38.69921;-4.929771
ld;37305;Almadenejos-Almadén;38.740578;-4.730387
ld;37302;Brazatortas-Veredas;38.668758;-4.316468
ld;67200;Teruel;40.341029;-1.110284
ld;67004;María de Huerva;41.539759;-0.998082
ld;67007;Arañales de Muel;41.468946;-1.086394
ld;67009;Longares;41.404787;-1.158791
ld;67010;Cariñena;41.335586;-1.228422
ld;67021;Calamocha;40.903864;-1.299841
ld;67100;Caminreal-Fuentes Claras;40.85111;-1.33765
ld;67101;Torrijo del Campo;40.826012;-1.340498
ld;67113;Monreal del Campo;40.782321;-1.360792
ld;67103;Villafranca del Campo;40.683827;-1.357927
ld;67105;Santa Eulalia del Campo;40.572917;-1.312995
ld;67107;Cella;40.455266;-1.244329
ld;67011;Encinacorba;41.28865;-1.278534
ld;67013;Villarreal de Huerva;41.196498;-1.287096
ld;67014;Villadoz;41.165482;-1.279339
ld;67015;Badules;41.13951;-1.251572
ld;67016;Villahermosa;41.108492;-1.239803
ld;67017;Ferreruela;41.06387;-1.239384
ld;67018;Cuencabuena;41.009293;-1.254641
ld;67019;Lechago;40.957681;-1.269087
ld;67020;Navarrete;40.936721;-1.261733
ld;67203;Puebla de Valverde;40.213424;-0.944674
ld;67205;Sarrión;40.146339;-0.823631
ld;67206;Mora de Rubielos;40.123142;-0.786145
ld;67207;Rubielos de Mora;40.118006;-0.773463
ld;67208;Barracas;40.01174;-0.696151
ld;67215;Segorbe-Ciudad;39.8471755;-0.4823544
ld;70403;Arcos de Jalón;41.215854;-2.278998
ld;70700;Ricla-La Almunia;41.501394;-1.40345
ld;70505;Terrer;41.322218;-1.709254
ld;70504;Ateca;41.324659;-1.785268
ld;70502;Alhama de Aragón;41.294398;-1.904454
ld;70501;Cetina;41.295978;-1.961811
ld;70500;Ariza;41.3098;-2.059411
ld;70405;Monreal de Ariza;41.298767;-2.110448
ld;70404;Santa María de Huerta;41.264421;-2.177525
ld;70503;Bubierca;41.31719;-1.855198
ld;50700;Los Rosales;37.5899718;-5.7261208
ld;40122;Tocina;37.6093044;-5.7316939
ld;40119;Villanueva del Río-Minas;37.6617048;-5.7121543
ld;40115;Pedroso;37.8373919;-5.7624522
ld;40113;Cazalla-Constantina;37.9328637;-5.704433
ld;40108;Guadalcanal;38.090197;-5.803388
ld;40107;Fuente del Arco;38.16353;-5.900484
ld;40105;Llerena;38.237;-6.009017
ld;34010;Peñaranda de Bracamonte;40.898138;-5.206361
ld;34014;Aldealengua;40.97989;-5.552951
ld;34013;San Morales;40.984243;-5.492955
ld;34012;Babilafuente;40.972426;-5.430593
ld;34011;Villar de Gallimazo;40.951981;-5.296183
ld;34008;Narros del Castillo;40.866641;-5.052869
ld;34007;Crespos;40.87011;-4.96803
ld;34005;San Pedro del Arroyo;40.803841;-4.871407
ld;34002;Cardeñosa de Ávila;40.73912;-4.75075
ld;70401;Medinaceli;41.165207;-2.421241
ld;70204;Humanes de Mohernando;40.831273;-3.13886
ld;70202;Yunquera de Henares;40.747013;-3.163226
ld;55019;Los Barrios;36.173998;-5.460801
ld;55017;Almoraima;36.27751;-5.430529
ld;55015;Jimena de la Frontera;36.4242;-5.434113
ld;55014;San Pablo;36.467952;-5.418921
ld;55013;Gaucín;36.540372;-5.386825
ld;55012;Cortes de la Frontera;36.597364;-5.332784
ld;55011;Jimera de Líbar;36.660678;-5.281473
ld;55010;Benaoján-Montejaque;36.713753;-5.246366
ld;55008;Arriate;36.7905949;-5.140757
ld;55005;Setenil;36.863423;-5.121375
ld;55003;Almargen-Cañete la Real;37.000985;-5.020111
ld;55001;Campillos;37.032231;-4.863499
ld;70706;Grisén;41.745261;-1.165924
ld;70703;Épila;41.60933;-1.301043
ld;70702;Salillas de Jalón;41.56794;-1.325848
ld;70701;Calatorao;41.528692;-1.360545
ld;70607;Morata de Jalón;41.475467;-1.479721
ld;70606;Purroy;41.477236;-1.540446
ld;70605;Morés;41.478667;-1.566238
ld;70604;Sabiñán;41.443981;-1.571474
ld;70602;Embid de Jalón;41.421676;-1.592127
ld;70603;Paracuellos-Sabiñán;41.42931;-1.567483
ld;56100;Moreda;37.431216;-3.310516
ld;56009;Cabra del Santo Cristo y Alicún;37.6567129;-3.262623
ld;56004;Jódar-Úbeda;37.913343;-3.34892
ld;69001;Genovés;38.98773;-0.47988
ld;69003;La Pobla del Duc;38.907606;-0.453386
ld;69004;Montaberner;38.884135;-0.491619
ld;69005;Bufalí;38.867405;-0.510478
ld;69007;Agullent;38.830569;-0.551183
ld;69009;Agres;38.796829;-0.521744
ld;69010;Cocentaina;38.740618;-0.446789
ld;70705;Plasencia de Jalón;41.68935;-1.234237
ld;70704;Rueda de Jalón-Lumpiaque;41.638892;-1.281667
ld;05193;Ribadeo;43.53607;-7.055572
ld;05102;San Xoán;43.4945654;-8.2142733
ld;05104;Virxe Do Mar;43.4965254;-8.2048752
ld;05103;Santa Icía;43.4997707;-8.1999226
ld;05108;O Alto Do Castiñeiro;43.5031794;-8.1955484
ld;05105;Piñeiros;43.509483;-8.1839923
ld;05106;O Ponto;43.5147757;-8.1777808
ld;05107;Xuvia;43.5171911;-8.161282
ld;05109;Ferrerías;43.5280178;-8.1504359
ld;05111;Sedes;43.5426113;-8.1401903
ld;05113;Pedroso de Narón;43.5367071;-8.1091931
ld;05115;San Sadurniño;43.5460838;-8.0781099
ld;05117;Lamas;43.5473064;-8.0490166
ld;05119;Apalla;43.550457;-8.0186188
ld;05121;Moeche;43.562132;-8.0027572
ld;05123;Labacengos;43.5652707;-7.9801882
ld;05125;Entrambarrías;43.5770633;-7.9542644
ld;05127;Cerdido;43.5873426;-7.9343099
ld;05129;A Cuqueira;43.6078292;-7.9219389
ld;05131;Santa María de Mera;43.6409288;-7.9161904
ld;05133;Ponte Mera;43.666038;-7.9026205
ld;05135;San Clodio;43.6609443;-7.873478
ld;05137;Senra;43.668793;-7.8545534
ld;05139;Ortigueira;43.6862217;-7.8495738
ld;05141;Espasante;43.70888;-7.804897
ld;05143;Loiba;43.730393;-7.750044
ld;05145;O Barqueiro;43.735649;-7.70288
ld;05147;O Vicedo;43.731026;-7.673215
ld;05149;Mosende;43.706194;-7.635477
ld;05151;Folgueiro;43.692766;-7.635048
ld;05153;Covas de Viveiro;43.670275;-7.614613
ld;05155;Viveiro;43.6569;-7.60033
ld;05156;Viveiro Apeadero;43.661435;-7.594532
ld;05157;Xuances;43.687991;-7.553904
ld;05159;Xove Pobo;43.683567;-7.510921
ld;05161;Xove;43.681138;-7.495251
ld;05163;Lago;43.687108;-7.481942
ld;05165;Bidueiros;43.696712;-7.468843
ld;05167;San Cibrao;43.692319;-7.44177
ld;05169;Madeiro;43.686219;-7.412863
ld;05171;Burela;43.660607;-7.361183
ld;05173;Cangas de Foz;43.626106;-7.333309
ld;05175;Nois;43.610309;-7.312222
ld;05177;Fazouro;43.600457;-7.299843
ld;05179;Marzán;43.57475;-7.26936
ld;05181;Foz;43.560886;-7.272235
ld;05183;Barreiros;43.547366;-7.225287
ld;05185;Reinante;43.54987;-7.174315
ld;05187;Esteiro;43.551697;-7.146099
ld;05189;Os Castros;43.55157;-7.130895
ld;05191;Rinlo;43.549761;-7.108645
ld;05300;Vallobín;43.3652306;-5.8647984
ld;05301;Argañosa-Lavapiés;43.3658311;-5.870018
ld;05302;Las Campas;43.3638889;-5.8833728
ld;05303;Las Mazas;43.3587192;-5.8975568
ld;05304;San Claudio;43.3553535;-5.9178091
ld;05306;San Pedro de Nora;43.3687481;-5.9585951
ld;05308;Soto Udrión;43.3564364;-5.9650157
ld;05311;Trubia;43.34857;-5.9677756
ld;05313;Santa María de Grado;43.3842274;-5.9827075
ld;05315;Vega de Anzo;43.38933;-6.0056834
ld;05316;Peñaflor de Grado;43.4029267;-6.0453921
ld;05317;Grado;43.3945424;-6.0637254
ld;05319;Sandiche;43.4256226;-6.0599341
ld;05320;Aces;43.4399142;-6.0657983
ld;05321;San Román;43.4488839;-6.0771641
ld;05323;Beifar;43.4701379;-6.0988707
ld;05325;Pravia;43.4908983;-6.1105373
ld;05243;Muros del Nalón;43.5429728;-6.1110718
ld;05245;Cudillero;43.5509259;-6.1519305
ld;05249;La Magdalena;43.559309;-6.184922
ld;05251;San Martín de Luiña;43.544753;-6.228702
ld;05255;Soto de Luiña;43.559635;-6.234369
ld;05259;Novellana;43.557795;-6.289593
ld;05261;Santa Marina;43.552674;-6.305181
ld;05263;Ballota;43.550716;-6.322812
ld;05265;Tablizo;43.547253;-6.351225
ld;05267;Cadavedo;43.542952;-6.391612
ld;05269;San Cristóbal;43.547225;-6.415264
ld;05271;Canero;43.541913;-6.445878
ld;05275;Luarca;43.537949;-6.536617
ld;05279;Villapedre;43.546723;-6.64587
ld;05283;Navia;43.536802;-6.719425
ld;05285;Medal;43.545692;-6.752994
ld;05291;La Caridad;43.547074;-6.827541
ld;05293;Tapia;43.535026;-6.909329
ld;05299;Castropol;43.5095861;-7.0147697
ld;05197;Vegadeo Pueblo;43.479667;-7.057327
ld;05239;Santianes;43.503799;-6.0918391
ld;05241;Los Cabos;43.5124147;-6.0974746
ld;05244;El Pito Piñera;43.5469091;-6.1433417
ld;05247;Villademar;43.557065;-6.155477
ld;05253;San Cosme;43.544069;-6.248091
ld;05257;Valdredo;43.56638;-6.263234
ld;05273;Barcia;43.546813;-6.50828
ld;05277;Otur;43.540541;-6.593562
ld;05281;Piñera-Villaoril;43.535685;-6.685414
ld;05287;Loza;43.551254;-6.771675
ld;05289;Cartavio;43.550714;-6.789622
ld;05295;Tol;43.527204;-6.952128
ld;05297;Las Campas de Castropol;43.5202979;-6.9771022
ld;05199;Vilavedelle;43.490502;-7.038353
ld;05571;Llanes;43.42094;-4.7587
ld;15217;La Corredoria;43.388108;-5.8272527
ld;05504;Parque Principado;43.3865865;-5.8087971
ld;05505;Colloto;43.3795086;-5.792366
ld;05507;Meres;43.3809885;-5.7487209
ld;05508;Fonciello;43.3817779;-5.7297194
ld;05509;El Berrón;43.3827383;-5.7026774
ld;05511;La Carrera de Siero;43.3869214;-5.6753462
ld;05513;Pola de Siero;43.3881527;-5.6647718
ld;05515;Los Corros;43.3768432;-5.6013769
ld;05517;Lieres;43.380583;-5.5826229
ld;05521;El Remedio;43.3750793;-5.5462394
ld;05522;Llames;43.3687796;-5.5252404
ld;05523;Nava;43.3611878;-5.5090986
ld;05525;Fuente Santa de Nava;43.3555699;-5.478379
ld;05527;Ceceda;43.3562226;-5.4511094
ld;05529;Carancos;43.3555692;-5.4344422
ld;05531;Pintueles;43.3599234;-5.3841316
ld;05533;Infiesto;43.3517868;-5.3692019
ld;05534;Infiesto Apeadero;43.3440407;-5.3606414
ld;05535;Villamayor;43.3631;-5.30285
ld;05537;Sebares;43.36236;-5.2574
ld;05539;Soto de Dueñas;43.3583;-5.22689
ld;05541;Ozanes;43.368395;-5.185191
ld;05542;Policlínico;43.378622;-5.18603
ld;05543;Arriondas;43.387513;-5.188258
ld;05545;Fuentes;43.401443;-5.143117
ld;05547;Toraño;43.412281;-5.118013
ld;05549;Cuevas;43.431144;-5.073302
ld;05551;Llovio;43.440563;-5.055592
ld;05553;Ribadesella;43.45945;-5.0545
ld;05555;Camango;43.44821;-5.01882
ld;05557;Belmonte de Pría;43.4398;-4.98228
ld;05559;Nueva;43.440585;-4.935531
ld;05561;Villahormes;43.4420099;-4.90383
ld;05563;Posada;43.42483;-4.865
ld;05565;Balmori;43.42147;-4.83583
ld;05567;Celorio;43.42501;-4.81133
ld;05569;Poo;43.42429;-4.78189
ld;05621;Torrelavega-Centro;43.3510014;-4.0511789
ld;05623;Puente San Miguel;43.3586724;-4.0877667
ld;05637;Cabezón de la Sal;43.3079038;-4.2319437
ld;05641;Treceño;43.31828;-4.30902
ld;05643;Roiz;43.32821;-4.34927
ld;05644;El Barcenal;43.340347;-4.383335
ld;05645;San Vicente de la Barquera;43.367837;-4.404504
ld;05647;Pesués;43.370289;-4.480174
ld;05649;Unquera;43.37478;-4.51434
ld;05579;Colombres;43.38272;-4.55709
ld;05577;Pendueles;43.39283;-4.63039
ld;05575;Vidiago;43.39647;-4.673
ld;05573;San Roque del Acebal;43.39473;-4.73013
ld;05451;Bilbao la Concordia;43.2601901;-2.9263839
ld;13206;Ametzola;43.2547065;-2.9436598
ld;05455;Basurto Hospital;43.2597699;-2.9538267
ld;05457;Zorrotza Zorrozgoiti;43.2740398;-2.9740116
ld;05461;Irauregui;43.248418;-2.9900734
ld;05463;Zaramillo;43.2332894;-3.015904
ld;05467;Sodupe;43.2020301;-3.050517
ld;05473;Aranguren;43.2104561;-3.108399
ld;05484;Mimetiz;43.2158138;-3.1312555
ld;05487;Traslaviña;43.23329;-3.198304
ld;05489;Artzentales;43.2355083;-3.2133583
ld;05493;Villaverde de Trucios;43.24128;-3.25054
ld;05497;Karrantza;43.238854;-3.357827
ld;05602;Valdecilla la Marga;43.4529465;-3.8282409
ld;05651;Nueva Montaña;43.4401845;-3.8493711
ld;05655;Maliaño Vidriera;43.4160163;-3.8411016
ld;05657;Astillero;43.4036508;-3.8206798
ld;05661;Heras;43.4008996;-3.7666376
ld;05663;Orejo;43.3994776;-3.7383974
ld;05672;Puente Agüero;43.406489;-3.719342
ld;05673;Villaverde de Pontones;43.411322;-3.703643
ld;05675;Hoz de Anero;43.404885;-3.666883
ld;05677;Beranga;43.41371;-3.57713
ld;05679;Gama;43.42315;-3.52472
ld;05681;Cicero;43.417052;-3.49049
ld;05683;Treto;43.39409;-3.4692
ld;05685;Limpias;43.35881;-3.43334
ld;05687;Marrón;43.34661;-3.420918
ld;05689;Udalla;43.31368;-3.44549
ld;05691;Gibaja;43.28219;-3.43831
ld;05652;Valle Real;43.4275399;-3.8405377
ld;05778;Feve-León;42.6024918;-5.5749341
ld;05803;La Asunción Universidad;42.6160983;-5.5660988
ld;05776;San Feliz;42.6823112;-5.5379086
ld;05770;Matallana;42.841149;-5.5218718
ld;05767;La Vecilla;42.8551158;-5.4121157
ld;05766;Boñar;42.8627875;-5.3285261
ld;05763;La Ercina;42.808848;-5.2138924
ld;05761;Cistierna;42.80316;-5.1307925
ld;05790;Sorriba;42.786277;-5.1274758
ld;05760;Valle de las Casas;42.767772;-5.0713669
ld;05755;La Llama de la Guzpeña;42.7702481;-5.0412478
ld;05759;Prado de la Guzpeña;42.7832347;-5.0270973
ld;05799;Cerezal de la Guzpeña;42.7797744;-5.0055719
ld;05758;Puente Almuhey;42.787632;-4.9718992
ld;05757;Valcuende;42.765578;-4.9292558
ld;05756;La Espina;42.786856;-4.9052025
ld;05754;Guardo;42.790995;-4.8519325
ld;05753;Guardo Apeadero;42.7877378;-4.845133
ld;05752;Santibáñez de la Peña;42.80204;-4.74145
ld;05751;Villaverde Tarilonte;42.818353;-4.685419
ld;05750;Castrejón de la Peña;42.81199;-4.60162
ld;05749;Vado-Cervera;42.83936;-4.49477
ld;05748;Salinas de Pisuerga;42.851271;-4.386209
ld;05747;Cillamayor;42.857752;-4.279178
ld;05744;Los Carabeos;42.910329;-4.075211
ld;05743;Montes Claros;42.934323;-4.050073
ld;05742;Las Rozas de Valdearroyo;42.973605;-4.029864
ld;05741;Llano;42.988062;-3.982357
ld;05740;Arija;42.991292;-3.945006
ld;05739;Cabañas de Virtus;42.996397;-3.858466
ld;05738;Soncillo;43.005809;-3.844888
ld;05737;Robredo Ahedo;43.019094;-3.809231
ld;05736;Dosante Cidad;43.00125;-3.74525
ld;05735;Pedrosa;43.012367;-3.737852
ld;05734;Sotoscueva;43.045292;-3.688253
ld;05733;Redondo;43.062993;-3.607895
ld;05732;Espinosa de los Monteros;43.074252;-3.537116
ld;05731;Quintana de los Prados;43.08;-3.51
ld;05730;Bercedo-Montija;43.088479;-3.456
ld;05727;Cadagua;43.068171;-3.347339
ld;05724;Mercadillo Villasana;43.105209;-3.264469
ld;05722;Ungo Nava;43.142894;-3.264716
ld;05721;Arla Berrón;43.166699;-3.227589
ld;05459;Santa Águeda;43.261857;-2.9730218
ld;05460;Kastrexana;43.2554758;-2.9721445
ld;05465;La Quadra;43.222723;-3.0249848
ld;05469;Artxube;43.200993;-3.0715031
ld;05470;Lambarri;43.2060733;-3.0825107
ld;05471;Güeñes;43.2090276;-3.0952113
ld;05474;Aranguren-Apeadero;43.2103517;-3.1140505
ld;05475;Zalla;43.2129096;-3.1333368
ld;05477;Colegio;43.2112674;-3.1381409
ld;05479;Ibarra;43.203959;-3.1448388
ld;05481;La Herrera;43.2034521;-3.1705687
ld;05483;Balmaseda;43.1963551;-3.1899562
ld;07004;Águilas;37.409865;-1.5725342
